geoid,name,B03002001,"B03002001, Error",B03002002,"B03002002, Error",B03002003,"B03002003, Error",B03002004,"B03002004, Error",B03002005,"B03002005, Error",B03002006,"B03002006, Error",B03002007,"B03002007, Error",B03002008,"B03002008, Error",B03002009,"B03002009, Error",B03002010,"B03002010, Error",B03002011,"B03002011, Error",B03002012,"B03002012, Error",B03002013,"B03002013, Error",B03002014,"B03002014, Error",B03002015,"B03002015, Error",B03002016,"B03002016, Error",B03002017,"B03002017, Error",B03002018,"B03002018, Error",B03002019,"B03002019, Error",B03002020,"B03002020, Error",B03002021,"B03002021, Error"
05000US06037,"Los Angeles County, CA",9808667,,5056393,,2425184,3836,727132,3955,16982,973,1463532,4732,19950,950,60164,3816,343449,6457,60862,3269,282587,5596,4752274,,600814,11776,24483,1560,124657,4584,23451,1838,2659,520,2368687,18769,1607523,17340,1481114,16498,126409,4723
86000US90001,90001,56189,2729,4532,708,542,280,3306,574,20,28,194,122,15,26,93,88,362,327,7,11,355,328,51657,2912,4797,1114,183,122,1396,540,35,37,21,33,22302,2490,22923,1924,22417,1953,506,204
86000US90002,90002,52122,2800,9307,1328,221,103,7581,1207,54,85,717,429,20,26,124,99,590,236,193,125,397,206,42815,2638,3935,1316,258,164,1529,727,62,55,0,32,23216,1991,13815,2020,12912,1823,903,528
86000US90003,90003,70065,3270,13318,1524,412,156,11077,1485,15,24,373,265,0,32,619,551,822,379,491,306,331,214,56747,3500,3821,856,445,294,900,351,7,11,0,32,36275,2959,15299,2010,14893,2016,406,221
86000US90004,90004,58484,2260,32241,2015,12471,1144,2604,624,95,78,14526,1269,4,10,327,183,2214,513,336,255,1878,472,26243,1888,2601,730,124,114,1102,411,51,41,0,32,15812,1448,6553,1191,5804,1183,749,285
86000US90005,90005,39142,1850,21325,1170,4059,630,2305,434,68,71,13438,945,29,34,40,28,1386,378,142,86,1244,387,17817,1775,1624,693,78,70,596,286,148,91,0,29,10916,1468,4455,1578,4032,1597,423,156
86000US90006,90006,55527,2672,15570,1280,2939,496,1741,447,116,134,9905,1030,80,82,140,127,649,194,195,132,454,148,39957,2493,2481,536,55,55,831,302,86,79,11,17,27747,2187,8746,1381,8283,1376,463,268
86000US90007,90007,38715,1872,18645,1334,6274,950,3306,672,16,17,7538,825,122,138,147,84,1242,251,71,42,1171,241,20070,1460,2084,569,233,125,439,156,91,88,0,29,12262,1144,4961,732,4686,709,275,202
86000US90008,90008,33252,1970,24744,1709,2110,467,20199,1662,33,34,1033,456,65,83,150,105,1154,357,403,237,751,286,8508,1214,888,421,488,304,306,172,38,44,0,29,4667,949,2121,708,1966,691,155,109
86000US90010,90010,4850,692,4350,631,779,268,312,165,0,14,3103,536,0,14,36,35,120,95,26,40,94,76,500,204,20,23,31,40,11,18,29,46,0,14,340,180,69,52,38,35,31,39
86000US90011,90011,100113,3400,8995,1555,1102,394,6052,1334,19,19,671,305,9,16,206,155,936,599,316,381,620,366,91118,3146,5924,1205,176,157,2158,631,20,28,191,271,50008,3401,32641,2750,31952,2768,689,309
86000US90012,90012,37336,1676,27013,1515,6448,842,4641,648,89,79,13884,1242,21,30,381,194,1549,469,158,104,1391,454,10323,965,1048,292,252,145,243,107,130,108,0,29,5912,818,2738,412,2379,386,359,113
86000US90013,90013,14357,1068,10723,1011,3504,506,3148,556,0,21,2837,633,69,89,73,83,1092,316,225,144,867,289,3634,555,567,309,136,98,219,107,27,39,10,17,1434,434,1241,299,1048,279,193,98
86000US90014,90014,10224,992,7864,921,2520,475,2184,491,27,20,2237,603,0,21,33,26,863,426,44,71,819,418,2360,650,401,287,190,185,0,21,0,21,28,46,1212,471,529,354,430,338,99,72
86000US90015,90015,24704,1743,13419,1176,3833,776,2722,770,179,170,5601,829,0,25,85,77,999,427,64,57,935,418,11285,1498,1254,639,46,62,729,399,103,164,0,25,6524,1142,2629,821,2381,801,248,199
86000US90016,90016,46457,2488,23164,1431,5870,637,12331,1311,103,120,2145,415,74,107,195,140,2446,476,323,197,2123,454,23293,2147,2717,825,160,129,274,168,0,29,0,29,12324,1695,7818,1604,7350,1597,468,265
86000US90017,90017,30172,1865,13343,1273,2851,488,4099,898,0,29,5514,822,0,29,51,56,828,274,134,90,694,275,16829,1741,1316,553,244,180,456,246,151,89,0,29,12096,1605,2566,658,2349,657,217,157
86000US90018,90018,48745,2469,19805,1734,3672,558,10978,1475,23,21,2608,393,0,29,739,333,1785,465,561,253,1224,373,28940,2250,1823,735,322,229,286,167,31,22,0,29,19921,1862,6557,1260,6250,1236,307,145
86000US90019,90019,59548,2853,33684,1651,10824,1048,9242,1134,78,69,10519,979,49,49,659,212,2313,672,880,567,1433,284,25864,2358,2030,509,298,205,657,305,129,94,0,32,16099,1585,6651,1608,6160,1584,491,234
86000US90020,90020,38994,1990,25880,1814,4788,678,2540,598,128,104,16650,1561,97,124,263,168,1414,466,312,291,1102,410,13114,1469,1197,498,161,95,368,246,109,113,31,51,7595,1185,3653,855,3344,854,309,137
86000US90021,90021,2897,661,1487,370,682,236,537,249,0,14,120,110,0,14,39,60,109,125,0,14,109,125,1410,552,28,24,2,4,30,38,6,10,0,14,905,480,439,298,331,274,108,111
86000US90022,90022,60343,2276,1913,522,946,356,286,210,10,16,353,202,28,46,238,195,52,43,31,35,21,22,58430,2216,5932,1092,55,64,1300,407,53,63,5,8,36201,1936,14884,1801,13694,1731,1190,520
86000US90023,90023,43857,2420,1775,437,797,313,225,129,49,31,407,192,45,74,125,164,127,97,82,91,45,34,42082,2428,2663,784,23,25,1177,496,39,40,2,5,27053,2087,11125,1794,10618,1783,507,270
86000US90024,90024,51675,1964,44424,1927,24674,1786,2648,702,49,49,13667,943,123,104,540,286,2723,576,201,140,2522,576,7251,666,1147,273,165,100,164,114,65,60,0,32,3106,425,2604,479,2200,467,404,234
86000US90025,90025,46508,2246,39371,2432,24415,2169,1792,515,0,29,9754,1084,27,29,690,374,2693,570,394,159,2299,575,7137,1065,1443,499,62,93,128,126,150,167,0,29,3023,855,2331,512,1883,436,448,257
86000US90026,90026,62692,2058,34052,1502,19777,1148,1934,376,124,99,8573,819,234,235,536,261,2874,637,722,365,2152,459,28640,1827,2773,631,67,62,834,327,105,92,0,32,17459,1618,7402,1139,6433,992,969,364
86000US90027,90027,46558,1676,36358,1371,26446,1374,1867,402,67,51,5463,791,8,14,466,187,2041,440,310,113,1731,419,10200,1098,1666,506,54,58,292,170,44,61,0,29,4823,889,3321,597,2690,537,631,232
86000US90028,90028,32883,1561,23222,1475,13452,1292,2680,557,148,96,4195,787,24,30,509,264,2214,351,344,175,1870,327,9661,1450,1402,539,145,128,424,220,55,58,0,29,4515,1057,3120,795,2571,732,549,331
86000US90029,90029,33303,1880,16678,1272,8759,845,1382,394,76,69,5196,990,17,31,242,133,1006,308,268,122,738,282,16625,1566,992,298,70,55,793,400,51,50,0,29,11554,1163,3165,1170,2817,1131,348,164
86000US90031,90031,36127,1683,15476,1529,3313,482,640,280,226,157,10202,1480,134,130,81,56,880,318,82,72,798,304,20651,1191,1556,495,186,155,495,206,80,58,117,90,13771,1140,4446,736,3746,726,700,341
86000US90032,90032,43117,1584,11076,963,4241,611,1161,399,125,127,4762,688,0,29,185,100,602,139,60,37,542,138,32041,1679,3407,897,207,157,813,286,121,74,0,29,18649,1704,8844,1162,8000,1112,844,300
86000US90033,90033,45647,2258,5155,596,1655,237,575,180,125,99,2323,490,25,30,199,129,253,98,46,42,207,93,40492,2309,3257,795,153,131,1039,337,25,26,8,11,27682,2353,8328,1105,7898,1108,430,188
86000US90034,90034,57075,2232,42451,2271,22258,1314,5497,932,42,71,10615,1514,240,288,387,229,3412,533,770,279,2642,487,14624,1403,1572,411,268,161,508,222,144,106,0,32,6325,1011,5807,1150,5215,1121,592,194
86000US90035,90035,29000,1790,25024,1730,17609,1544,2037,605,7,11,2068,527,27,45,1362,621,1914,520,829,433,1085,297,3976,766,652,266,264,316,52,54,42,53,0,25,1340,460,1626,417,1538,423,88,70
86000US90036,90036,39278,1727,34114,1634,21326,1226,2712,633,29,33,7142,1142,41,45,387,198,2477,481,372,136,2105,451,5164,722,1046,305,57,57,174,101,27,29,0,29,1492,347,2368,532,2064,518,304,170
86000US90037,90037,65482,2721,13778,1370,1277,372,9881,1269,162,229,799,282,101,152,137,110,1421,420,729,334,692,233,51704,2635,3395,790,312,165,1852,595,70,79,0,32,35416,2468,10659,1777,10225,1764,434,236
86000US90038,90038,27127,1309,14071,1105,8612,1010,2035,440,148,134,2081,499,53,55,140,92,1002,277,135,80,867,265,13056,1067,1180,360,176,121,428,253,155,151,42,55,8076,1030,2999,598,2564,539,435,224
86000US90039,90039,28884,1468,19828,1266,12256,872,476,180,6,10,5247,761,0,25,54,37,1789,389,506,222,1283,342,9056,1041,1387,418,0,25,184,124,45,29,0,25,3853,798,3587,728,3089,681,498,264
86000US90040,90040,11430,577,391,152,131,78,60,53,0,21,101,92,0,21,49,77,50,59,0,21,50,59,11039,595,1635,545,0,21,799,505,0,21,0,21,5669,975,2936,775,2598,738,338,272
86000US90041,90041,27920,1665,18370,1270,8699,777,346,201,12,18,7101,801,19,22,248,186,1945,412,215,113,1730,414,9550,1441,1627,597,19,24,296,191,110,95,0,25,4157,721,3341,1130,2588,1001,753,402
86000US90042,90042,56835,1975,25321,1674,14721,1227,1194,448,45,43,6949,907,0,32,247,103,2165,431,437,288,1728,348,31514,1476,3609,640,130,122,1639,548,132,99,0,32,14910,1407,11094,1204,9347,1110,1747,507
86000US90043,90043,42377,2206,30433,2179,2742,579,23718,2059,41,50,941,282,62,74,384,224,2545,572,785,345,1760,454,11944,1657,801,320,348,204,219,183,3,7,0,29,5374,1096,5199,1044,4720,1059,479,249
86000US90044,90044,94830,4517,28941,2157,1421,433,25257,2183,306,210,477,219,75,84,390,231,1015,306,113,82,902,297,65889,3954,3706,899,452,244,926,446,255,356,4,7,33934,2765,26612,3059,26266,3039,346,218
86000US90045,90045,41786,1989,33379,1547,20128,1268,3328,733,98,79,6506,900,98,99,138,85,3083,588,475,188,2608,548,8407,1237,1078,317,78,80,242,169,118,88,42,63,1955,493,4894,1281,4125,1173,769,312
86000US90046,90046,48296,1880,40158,1660,31006,1668,2571,652,75,69,3527,578,30,32,382,208,2567,467,603,218,1964,419,8138,1043,1370,385,110,70,99,89,38,47,0,29,2374,724,4147,793,3701,773,446,208
86000US90047,90047,50974,2820,30409,1892,1226,319,25855,1901,38,43,569,220,383,338,473,264,1865,669,789,498,1076,454,20565,2633,1758,566,702,384,496,386,210,331,98,113,10844,2107,6457,1349,5745,1428,712,393
86000US90048,90048,21476,1352,19488,1340,14962,1215,798,246,0,25,2135,468,0,25,217,147,1376,396,228,120,1148,361,1988,374,364,144,20,30,44,40,0,25,0,25,425,122,1135,294,993,282,142,82
86000US90049,90049,37122,1968,33981,1557,26857,1604,714,260,60,52,3691,541,69,92,235,155,2355,452,516,221,1839,402,3141,1081,423,142,24,30,75,54,20,23,0,29,547,218,2052,1064,1900,1058,152,87
86000US90052,90052,0,14,0,14,0,14,0,14,0,14,0,14,0,14,0,14,0,14,0,14,0,14,0,14,0,14,0,14,0,14,0,14,0,14,0,14,0,14,0,14,0,14
86000US90056,90056,8543,1069,7285,988,1083,344,4913,950,63,51,338,192,0,19,20,34,868,380,91,98,777,352,1258,517,108,81,330,288,13,22,0,19,0,19,201,172,606,313,413,271,193,156
86000US90057,90057,46629,2538,15338,1333,2406,412,3180,820,106,93,8852,1212,24,27,60,49,710,198,49,66,661,183,31291,2308,2752,775,141,116,2213,773,48,46,27,42,21109,2344,5001,969,4505,937,496,248
86000US90058,90058,3585,972,871,454,339,424,388,189,0,14,49,45,3,4,48,70,44,45,0,14,44,45,2714,794,498,351,0,14,0,14,0,14,0,14,1202,515,1014,574,1014,574,0,14
86000US90059,90059,37511,2891,9334,1200,425,136,7651,1025,28,32,528,396,66,112,185,151,451,284,229,190,222,190,28177,2623,2419,1238,205,263,738,445,17,25,4,9,16266,1711,8528,1649,8001,1672,527,217
86000US90061,90061,30051,2556,8900,1279,483,144,7623,1168,7,12,121,76,25,52,177,267,464,232,90,101,374,199,21151,2343,1587,727,232,178,703,358,26,41,0,29,11146,1821,7457,1619,7374,1614,83,93
86000US90062,90062,32715,1800,10864,890,992,271,7308,857,3,7,526,190,53,60,466,273,1516,471,1026,421,490,219,21851,1833,2086,815,75,53,715,286,7,11,5,27,14192,1519,4771,964,4408,933,363,192
86000US90063,90063,48397,2272,3142,535,1421,294,203,142,127,160,1211,375,0,29,26,29,154,95,41,43,113,76,45255,2253,3472,750,55,55,1346,609,92,56,0,29,32237,2438,8053,1034,7281,1096,772,440
86000US90064,90064,26642,1246,22985,1258,14018,1041,1134,435,36,42,5112,543,45,65,398,180,2242,569,423,198,1819,551,3657,715,725,510,17,26,19,54,11,17,0,25,1141,293,1744,524,1542,493,202,93
86000US90065,90065,44658,1947,21885,1587,12875,1315,705,243,46,32,5970,676,22,36,124,95,2143,374,361,142,1782,339,22773,1581,1946,593,7,11,707,247,131,68,6,10,12185,1352,7791,1067,6528,976,1263,409
86000US90066,90066,56740,2220,42760,2077,27549,1933,2141,679,73,63,8629,844,68,69,420,202,3880,571,557,178,3323,552,13980,1127,1597,344,224,111,449,207,131,91,0,32,5861,1037,5718,850,4952,840,766,260
86000US90067,90067,3875,638,3723,645,2283,562,130,191,0,14,815,378,0,14,0,14,495,314,0,14,495,314,152,125,38,59,0,14,0,14,0,14,0,14,0,14,114,111,114,111,0,14
86000US90068,90068,21572,1260,18786,1168,14486,1031,1506,509,17,37,1278,365,45,61,175,103,1279,323,306,158,973,285,2786,618,575,332,116,90,25,39,168,222,0,25,539,359,1363,353,1152,337,211,114
86000US90069,90069,20961,1210,19207,1141,15635,1110,687,257,15,24,1367,372,0,25,355,167,1148,332,307,159,841,286,1754,417,509,224,0,25,41,64,0,25,0,25,292,151,912,322,628,284,284,150
86000US90071,90071,556,38,313,24,103,52,172,33,0,14,0,14,0,14,0,14,38,94,0,14,38,94,243,20,0,14,0,14,0,14,0,14,0,14,141,43,102,53,32,73,70,22
86000US90073,90073,1079,176,805,235,583,272,152,121,0,14,45,67,12,30,0,14,13,23,0,14,13,23,274,146,46,83,0,14,16,30,0,14,0,14,121,109,91,104,91,104,0,14
86000US90077,90077,8386,868,7661,862,6343,805,114,95,0,19,829,368,0,19,46,65,329,222,17,39,312,229,725,320,89,77,0,19,0,19,0,19,0,19,207,111,429,298,399,297,30,47
86000US90079,90079,0,14,0,14,0,14,0,14,0,14,0,14,0,14,0,14,0,14,0,14,0,14,0,14,0,14,0,14,0,14,0,14,0,14,0,14,0,14,0,14,0,14
86000US90089,90089,5462,502,4257,389,1678,326,440,197,33,42,1808,335,0,19,12,22,286,128,17,33,269,126,1205,316,260,181,41,60,32,40,19,30,0,19,591,191,262,135,223,125,39,55
86000US90094,90094,11764,1279,10237,1245,5995,1112,1079,545,0,21,2102,520,0,21,13,20,1048,527,0,21,1048,527,1527,549,281,177,0,21,0,21,0,21,0,21,589,374,657,337,634,335,23,34
86000US90095,90095,0,14,0,14,0,14,0,14,0,14,0,14,0,14,0,14,0,14,0,14,0,14,0,14,0,14,0,14,0,14,0,14,0,14,0,14,0,14,0,14,0,14
86000US90201,90201,92763,87,5168,1018,3295,895,892,509,42,50,564,299,67,86,79,70,229,159,72,116,157,105,87595,1021,8915,1440,7,11,1759,496,125,188,0,32,25817,2176,50972,2669,50041,2653,931,312
86000US90210,90210,19004,1101,17866,1123,14873,1100,403,193,33,48,1628,467,0,21,138,114,791,329,249,197,542,250,1138,363,274,147,0,21,0,21,0,21,0,21,135,90,729,369,615,352,114,96
86000US90211,90211,9120,906,8433,977,5559,745,127,102,0,19,1888,788,0,19,376,296,483,256,83,73,400,211,687,387,277,270,12,19,0,19,14,22,0,19,240,237,144,115,91,85,53,60
86000US90212,90212,10728,900,9476,957,7023,846,278,190,0,21,1222,540,0,21,90,89,863,411,105,132,758,388,1252,455,273,188,0,21,0,21,25,40,0,21,416,324,538,295,517,293,21,34
86000US90220,90220,48354,1709,15250,1430,643,206,13122,1373,0,29,604,369,12,23,560,448,309,143,83,75,226,104,33104,1891,2389,763,133,95,910,403,13,20,0,29,17952,1590,11707,1922,11401,1917,306,172
86000US90221,90221,50659,2320,10089,1221,381,169,8414,1165,9,14,574,432,160,156,230,145,321,174,20,21,301,171,40570,2396,4140,1185,285,358,1204,534,23,37,7,11,15730,1566,19181,2266,18387,2264,794,463
86000US90222,90222,32340,2350,7779,1281,243,106,6941,1215,0,29,276,180,0,29,50,45,269,166,50,57,219,153,24561,2147,3124,1310,82,81,648,329,131,179,0,29,12631,1415,7945,1535,7895,1526,50,78
86000US90230,90230,31009,1646,22431,1195,11832,1083,2458,821,12,19,5477,703,83,100,162,167,2407,565,233,125,2174,559,8578,1484,1116,468,63,99,79,80,20,18,0,29,2745,936,4555,1091,4189,1023,366,217
86000US90232,90232,16554,1154,12689,1128,7610,860,373,204,28,39,3631,940,0,21,5,13,1042,276,331,185,711,233,3865,872,573,426,31,43,69,65,4,12,0,21,994,569,2194,671,1979,662,215,190
86000US90240,90240,24853,1624,6979,993,3269,770,855,463,0,25,2353,694,33,40,141,123,328,166,150,101,178,125,17874,1493,1790,531,91,79,438,400,67,58,35,44,8555,969,6898,1251,6567,1219,331,210
86000US90241,90241,45319,1968,11137,1241,5949,907,1420,506,49,48,2626,664,0,29,249,221,844,352,106,74,738,333,34182,2054,5360,1312,293,258,1277,466,101,66,0,29,16349,1449,10802,1356,10197,1390,605,259
86000US90242,90242,40767,2006,9330,1106,3879,539,1487,610,23,30,3101,763,167,155,126,100,547,216,177,134,370,186,31437,1839,4222,1065,41,40,1041,417,166,99,30,48,15887,1531,10050,1197,8630,1180,1420,651
86000US90245,90245,16769,31,13435,532,9538,706,484,304,9,12,1891,358,0,21,16,19,1497,414,494,369,1003,242,3334,534,676,257,0,21,42,38,0,21,0,21,511,249,2105,458,1921,457,184,141
86000US90247,90247,47053,1660,23082,1389,3023,575,5984,922,116,127,11956,1090,20,33,231,145,1752,790,234,113,1518,778,23971,2010,2084,598,232,188,745,311,122,81,44,57,12138,1467,8606,1399,7813,1332,793,309
86000US90248,90248,11235,1202,8090,1151,1026,389,2141,883,0,21,4019,706,9,15,120,79,775,378,28,36,747,381,3145,633,502,264,21,36,100,100,16,25,0,21,1757,626,749,271,548,224,201,166
86000US90249,90249,26290,1410,14005,1320,2495,406,6163,1135,24,28,3921,482,32,34,159,93,1211,487,367,358,844,310,12285,1288,1608,637,149,124,773,421,177,182,40,66,5250,1066,4288,900,3940,868,348,251
86000US90250,90250,93826,1455,43537,2484,10363,1190,21321,2004,360,293,7678,948,573,438,446,239,2796,602,686,314,2110,526,50289,2378,5842,1387,227,181,1809,470,219,156,26,32,21777,1722,20389,1947,19024,1973,1365,529
86000US90254,90254,19063,29,16787,607,13368,746,167,98,40,39,1373,329,9,13,30,44,1800,421,210,111,1590,412,2276,603,255,113,8,14,162,147,17,26,0,21,567,225,1267,498,1028,487,239,131
86000US90255,90255,69349,1062,2190,463,1152,307,478,269,25,21,370,158,54,65,64,74,47,50,1,2,46,50,67159,1169,5788,1152,73,85,1592,493,46,77,21,34,33043,1961,26596,2273,25560,2160,1036,402
86000US90260,90260,32075,617,11954,1214,5392,856,1781,586,164,134,3673,784,0,29,22,29,922,273,90,77,832,259,20121,1111,2695,706,66,90,643,467,117,93,0,29,7226,1150,9374,1274,8545,1267,829,310
86000US90262,90262,64235,277,7766,1046,1414,382,5286,997,21,42,473,324,2,6,156,116,414,267,60,67,354,261,56469,1129,5629,1235,223,176,1673,654,36,42,14,21,30602,2165,18292,2348,17764,2313,528,209
86000US90263,90263,1856,155,1509,152,759,216,172,80,0,14,477,138,0,14,0,14,101,64,18,22,83,62,347,94,151,81,14,21,0,14,6,13,0,14,100,58,76,46,68,46,8,9
86000US90265,90265,15918,709,14369,842,11834,889,305,131,33,33,803,173,0,21,369,261,1025,321,393,242,632,240,1549,524,133,103,22,29,21,28,0,21,0,21,531,253,842,404,610,358,232,216
86000US90266,90266,34210,34,31579,478,24317,907,281,165,56,70,4561,750,0,29,249,193,2115,362,221,118,1894,349,2631,475,426,176,18,30,34,34,0,29,0,29,406,187,1747,409,1467,314,280,209
86000US90270,90270,24218,167,669,330,229,112,55,30,6,12,135,109,7,11,212,277,25,31,0,25,25,31,23549,370,1804,576,12,18,753,448,25,29,5,8,11007,1099,9943,1111,9848,1114,95,81
86000US90272,90272,21390,1494,20459,1441,16842,1502,174,123,7,11,1422,343,0,25,69,60,1945,492,343,231,1602,398,931,344,212,132,11,17,0,25,0,25,0,25,116,83,592,257,487,235,105,109
86000US90274,90274,25059,496,23480,455,14676,1157,863,521,0,25,5918,995,0,25,129,78,1894,426,350,284,1544,360,1579,425,328,162,0,25,3,5,54,63,0,25,342,200,852,330,778,325,74,58
86000US90275,90275,40945,91,35982,785,19129,1078,658,316,2,4,13005,1036,1,3,335,224,2852,640,446,192,2406,615,4963,795,513,220,0,29,26,39,50,48,0,29,1625,401,2749,707,2235,643,514,295
86000US90277,90277,34844,1536,29585,1538,21746,1619,851,363,171,206,4424,812,68,67,226,133,2099,488,210,118,1889,488,5259,824,1021,372,0,29,0,29,50,73,0,29,1148,299,3040,597,2724,611,316,155
86000US90278,90278,42423,1416,36040,1596,21304,1367,1060,522,120,83,8881,1135,159,208,302,180,4214,759,1009,450,3205,568,6383,968,1155,405,31,51,146,91,199,140,0,29,1576,491,3276,725,2654,605,622,396
86000US90280,90280,91365,144,4433,839,2013,408,829,312,74,66,839,488,36,46,293,175,349,140,40,37,309,133,86932,864,9724,1367,106,70,1972,596,53,45,0,32,44502,2586,30575,3024,29125,2969,1450,498
86000US90290,90290,6315,840,6055,847,4708,900,102,118,0,19,399,232,0,19,350,426,496,202,68,70,428,202,260,111,39,44,0,19,0,19,0,19,0,19,101,90,120,70,97,57,23,37
86000US90291,90291,26324,1304,21875,1236,17139,1121,1163,390,46,42,1624,440,39,44,443,374,1421,311,260,143,1161,249,4449,672,560,165,0,25,315,235,0,25,0,25,1443,474,2131,437,1852,430,279,131
86000US90292,90292,23982,2036,20966,1828,14586,1841,1968,986,0,25,1863,525,0,25,333,394,2216,704,244,170,1972,683,3016,828,1060,569,322,359,0,25,17,27,0,25,259,187,1358,408,713,314,645,246
86000US90293,90293,12655,1173,10544,1152,7828,1134,609,239,24,35,1346,325,33,38,10,14,694,204,135,90,559,194,2111,400,481,157,0,21,16,27,324,19,0,21,512,210,778,247,524,199,254,167
86000US90301,90301,36060,1878,15319,1505,2207,474,10365,1402,80,89,1220,480,134,176,357,403,956,323,88,103,868,315,20741,1920,1134,454,259,174,387,239,31,71,5,23,12853,1537,6072,1353,5550,1270,522,370
86000US90302,90302,29003,1659,16750,1364,2595,662,11852,1359,8,14,417,144,0,25,191,219,1687,673,589,522,1098,417,12253,1373,782,331,290,279,375,174,68,59,0,25,7475,1055,3263,1114,2649,1046,614,377
86000US90303,90303,22727,1223,8891,890,704,317,7169,803,0,25,326,182,11,17,301,211,380,121,21,34,359,119,13836,1332,1068,613,23,25,223,154,97,136,0,25,7935,1222,4490,1131,4341,1121,149,103
86000US90304,90304,25430,1683,3473,794,627,189,1163,466,4,10,1226,554,125,191,85,73,243,224,55,46,188,189,21957,1647,1755,467,0,25,941,441,13,20,0,25,11510,1366,7738,1322,7368,1308,370,205
86000US90305,90305,14708,1136,12743,1130,701,275,11104,1028,35,57,222,145,0,21,10,18,671,292,238,175,433,226,1965,460,477,269,33,43,0,21,0,21,0,21,843,315,612,288,581,287,31,57
86000US90401,90401,8101,799,7111,827,5274,712,305,152,13,22,797,316,0,19,41,72,681,402,309,297,372,236,990,305,218,142,0,19,17,30,10,14,0,19,262,187,483,201,393,183,90,140
86000US90402,90402,11337,911,10468,839,8627,771,36,34,0,21,1085,322,0,21,96,147,624,224,60,55,564,221,869,346,282,286,0,21,41,66,0,21,0,21,58,54,488,189,466,190,22,42
86000US90403,90403,23867,1024,21125,1139,15832,1010,654,343,106,104,2678,577,225,260,264,190,1366,374,165,103,1201,356,2742,892,379,163,4,16,64,77,54,79,0,25,478,323,1763,725,1584,717,179,129
86000US90404,90404,22978,1257,17441,1160,10715,960,2281,528,75,87,2630,529,0,25,113,89,1627,479,187,129,1440,466,5537,813,871,303,10,26,19,29,9,38,0,25,2228,662,2400,728,2037,698,363,279
86000US90405,90405,27298,1162,23406,1170,18181,1019,1489,388,10,16,2110,558,0,25,148,120,1468,699,162,99,1306,676,3892,757,951,277,73,73,149,156,16,22,0,25,920,362,1783,698,1303,453,480,452
86000US90501,90501,41787,2433,24669,1402,8298,831,3055,736,28,43,11609,1074,37,50,156,89,1486,322,220,110,1266,292,17118,2351,2087,769,0,29,76,72,191,168,0,29,9853,1725,4911,1637,4404,1550,507,257
86000US90502,90502,18467,1605,11215,1084,2337,385,1204,388,0,21,6941,1010,116,127,11,17,606,271,18,21,588,266,7252,1350,1460,665,4,9,111,191,6,10,0,21,3558,957,2113,474,1904,451,209,157
86000US90503,90503,43454,1745,37361,1579,13996,945,1570,611,48,62,17493,1037,539,446,231,164,3484,687,811,503,2673,469,6093,988,984,355,28,28,73,71,165,178,0,29,2150,535,2693,794,2270,773,423,173
86000US90504,90504,33084,1818,24452,1586,7615,920,1336,502,34,35,13052,1436,36,36,379,290,2000,505,176,133,1824,490,8632,1151,1338,707,3,10,132,118,102,69,3,11,3603,721,3451,715,3017,705,434,187
86000US90505,90505,35148,2100,29714,1896,13301,1124,1143,466,19,24,13110,1639,0,29,65,65,2076,496,378,188,1698,474,5434,971,1008,346,21,27,13,22,151,145,0,29,1955,580,2286,526,1657,413,629,320
86000US90506,90506,0,14,0,14,0,14,0,14,0,14,0,14,0,14,0,14,0,14,0,14,0,14,0,14,0,14,0,14,0,14,0,14,0,14,0,14,0,14,0,14,0,14
86000US90601,90601,30078,1854,8831,1042,5097,800,420,207,47,81,1821,403,64,75,646,601,736,277,79,68,657,260,21247,1671,2554,555,38,39,1028,462,126,74,57,80,11243,1620,6201,950,5805,916,396,181
86000US90602,90602,25905,1648,6569,1055,4510,943,481,199,16,24,657,232,17,25,401,232,487,264,3,7,484,264,19336,1532,1783,380,43,48,493,242,81,63,0,25,12401,1278,4535,741,4191,747,344,169
86000US90603,90603,21118,1445,8645,907,6483,805,168,156,46,80,1307,351,0,25,212,198,429,170,56,57,373,164,12473,1398,2559,1158,10,20,283,320,25,29,118,178,4893,949,4585,1040,4164,997,421,270
86000US90604,90604,39276,2160,11942,994,7127,848,553,232,12,19,3226,587,22,34,429,329,573,209,103,110,470,187,27334,2041,3538,1442,21,34,638,307,87,109,27,28,15851,1733,7172,956,6391,864,781,315
86000US90605,90605,39387,2318,9359,1483,5558,1036,473,387,27,27,2256,721,20,30,659,480,366,135,110,89,256,91,30028,1955,3918,941,69,75,717,336,88,115,0,29,17519,2005,7717,1227,7187,1204,530,235
86000US90606,90606,32057,1615,4905,543,2334,477,327,242,46,51,1714,409,0,29,118,114,366,208,4,9,362,208,27152,1582,3048,692,69,63,881,360,106,94,26,33,16348,1468,6674,1111,5950,1080,724,327
86000US90621,90621,35984,1872,19017,1627,3728,735,627,326,8,14,13693,1355,4,13,31,37,926,398,18,28,908,396,16967,2078,2906,1755,198,157,676,444,102,113,0,29,6887,1592,6198,1135,5842,1132,356,260
86000US90623,90623,15545,247,12971,568,3199,593,555,267,0,21,8381,674,74,81,13,29,749,242,101,86,648,222,2574,470,625,326,6,12,35,57,30,28,0,21,579,296,1299,311,808,357,491,256
86000US90630,90630,49318,217,38675,1399,15407,1304,1411,542,6,18,18921,1185,96,64,196,126,2638,598,254,128,2384,586,10643,1361,1995,611,23,35,279,192,120,83,24,54,3089,888,5113,831,4008,786,1105,369
86000US90631,90631,68309,360,30128,1331,16365,1119,1552,593,126,152,9604,805,61,74,522,315,1898,371,252,151,1646,373,38181,1317,6594,1160,262,215,1139,430,140,99,41,55,14525,1583,15480,1410,14461,1349,1019,342
86000US90638,90638,45933,319,24366,1121,11568,1057,1360,434,47,43,9734,755,41,54,121,74,1495,363,116,63,1379,349,21567,1145,3903,816,5,7,306,143,95,55,7,11,9314,1250,7937,887,7214,843,723,237
86000US90639,90639,1671,32,1256,106,653,126,89,53,7,14,356,93,6,13,5,10,140,63,6,12,134,61,415,105,97,58,0,14,10,13,6,12,6,13,216,75,80,53,69,48,11,18
86000US90640,90640,61382,219,14573,1094,4273,610,414,283,38,48,8560,929,1,3,618,298,669,382,331,321,338,225,46809,1108,5645,1085,27,32,1619,588,222,152,29,46,26233,1606,13034,1314,11973,1297,1061,490
86000US90650,90650,99900,169,29585,1765,10302,1506,3826,781,101,72,12876,1274,190,143,1074,498,1216,328,92,82,1124,315,70315,1760,9283,1557,121,94,2169,645,522,316,31,47,38416,2413,19773,1961,18174,1903,1599,472
86000US90660,90660,60272,78,5943,1147,2553,615,890,477,185,229,2059,789,15,19,34,37,207,134,31,51,176,117,54329,1151,7444,1161,25,30,1771,692,47,37,15,21,29901,1941,15126,1549,13835,1505,1291,459
86000US90670,90670,17851,473,3661,635,1287,402,237,160,0,21,1302,448,439,439,106,168,290,169,35,52,255,157,14190,752,2019,483,45,49,510,337,41,34,10,18,7368,998,4197,874,3911,897,286,125
86000US90701,90701,15889,33,10628,755,2089,481,827,773,0,21,6859,1186,621,432,46,81,186,109,43,38,143,100,5261,756,747,358,7,17,120,123,41,60,163,133,2343,589,1840,596,1455,493,385,346
86000US90703,90703,48108,296,40208,822,5594,668,2735,759,42,44,29457,1140,163,134,217,160,2000,462,208,105,1792,477,7900,787,848,436,169,125,124,116,267,277,0,29,3040,544,3452,665,2966,586,486,239
86000US90704,90704,3421,14,1543,477,1527,474,6,14,1,3,9,15,0,14,0,14,0,14,0,14,0,14,1878,471,438,357,0,14,0,14,0,14,0,14,498,334,942,491,942,491,0,14
86000US90706,90706,76819,90,30432,1746,10703,1203,8029,975,71,55,8652,1098,123,132,460,264,2394,582,464,394,1930,493,46387,1747,5154,1293,369,218,999,430,354,273,45,53,25818,1978,13648,1616,12460,1405,1188,494
86000US90710,90710,26761,1913,14024,1196,3720,619,2867,563,14,20,6139,731,0,25,135,128,1149,414,169,144,980,387,12737,1587,3013,1108,34,36,215,205,37,43,6,9,4528,913,4904,1131,4047,1066,857,323
86000US90712,90712,30800,1278,18952,1153,9589,1062,2513,786,67,61,4783,813,52,53,278,155,1670,443,159,98,1511,420,11848,1021,1393,507,12,22,77,68,133,93,0,29,5395,912,4838,832,3847,680,991,423
86000US90713,90713,28221,1335,18451,1166,11974,1123,909,296,23,25,3479,512,170,217,89,70,1807,473,189,103,1618,474,9770,976,1967,423,41,44,244,173,177,108,0,25,2699,776,4642,818,4040,811,602,220
86000US90715,90715,20182,1132,10808,882,2600,482,1819,514,33,52,5249,707,514,390,95,94,498,190,26,31,472,187,9374,920,1293,514,36,34,510,259,313,219,0,25,4521,841,2701,657,2510,673,191,127
86000US90716,90716,13599,60,3315,786,891,456,526,460,114,132,1705,372,18,26,18,27,43,39,0,21,43,39,10284,789,771,393,15,28,438,298,225,323,0,21,5568,896,3267,734,3216,735,51,49
86000US90717,90717,21482,506,13760,1100,7102,1038,895,358,32,34,3652,756,62,73,75,72,1942,699,430,231,1512,672,7722,1202,1877,797,3,4,197,104,95,117,0,25,3577,832,1973,610,1463,547,510,264
86000US90723,90723,52050,59,9747,986,2139,535,4784,872,32,33,1903,545,103,125,122,147,664,340,144,201,520,268,42303,985,3652,1090,171,130,1322,404,144,117,0,32,22538,1696,14476,1588,14026,1602,450,241
86000US90731,90731,61944,2512,26996,1668,16942,1453,3034,558,116,90,3189,619,327,220,556,263,2832,579,551,342,2281,488,34948,1927,11914,1861,247,163,816,281,330,168,13,21,11197,1334,10431,1099,9093,1093,1338,453
86000US90732,90732,23067,1647,15305,1127,10927,1083,918,364,8,10,2235,494,16,26,101,118,1100,381,337,225,763,302,7762,1180,2158,859,10,18,112,64,59,60,3,6,1402,407,4018,889,3542,882,476,249
86000US90740,90740,24254,246,20829,448,16074,643,302,161,21,29,3425,384,12,17,51,49,944,223,217,126,727,183,3425,460,505,165,0,25,163,110,12,19,0,25,830,226,1915,368,1519,345,396,210
86000US90744,90744,52800,1961,6401,795,2015,403,1788,440,125,98,1894,471,273,303,55,63,251,103,24,20,227,99,46399,1984,26165,1912,48,46,702,315,215,173,0,32,11513,1150,7756,1082,6943,1016,813,320
86000US90745,90745,57397,2035,32374,2149,3945,677,3909,782,40,32,21101,2036,884,450,370,199,2125,753,159,107,1966,762,25023,1766,4421,1022,29,31,853,323,259,158,40,37,11551,1232,7870,1575,7005,1601,865,326
86000US90746,90746,27091,2046,21411,1841,1271,380,15948,1760,68,89,2353,673,170,186,90,95,1511,464,212,139,1299,442,5680,895,737,345,85,78,78,61,38,45,38,61,2860,722,1844,714,1467,694,377,255
86000US90747,90747,11,2,6,10,0,14,6,10,0,14,0,14,0,14,0,14,0,14,0,14,0,14,5,11,0,14,0,14,0,14,0,14,0,14,0,14,5,11,5,11,0,14
86000US90755,90755,11521,81,7231,1064,3100,743,721,279,14,17,2641,608,91,121,0,21,664,243,173,130,491,227,4290,1063,2054,1071,0,21,15,20,58,70,0,21,1077,450,1086,535,455,248,631,462
86000US90802,90802,40434,1816,24941,1575,12363,1165,6079,1053,239,131,3262,637,103,137,222,160,2673,665,418,232,2255,633,15493,1404,4047,741,381,312,476,370,433,226,21,35,5356,978,4779,838,3728,771,1051,329
86000US90803,90803,31526,1887,24954,1748,19230,1443,1203,411,167,169,2027,666,320,282,344,284,1663,381,307,175,1356,354,6572,817,2487,545,121,125,204,108,130,104,0,29,1296,539,2334,536,1983,511,351,153
86000US90804,90804,38076,1768,19669,1257,8975,791,4608,703,19,68,4691,758,203,278,132,93,1041,249,150,97,891,228,18407,1705,10026,1567,107,71,595,308,183,146,23,34,4954,1079,2519,523,2190,482,329,133
86000US90805,90805,92402,2609,38707,1872,6957,872,15919,1568,170,141,11490,1237,1039,311,233,143,2899,736,181,120,2718,732,53695,2853,6849,1907,323,190,1712,532,338,164,126,116,29219,2385,15128,2187,13997,2211,1131,362
86000US90806,90806,41664,2261,19883,1478,3941,546,6033,977,88,81,8032,1162,56,80,215,199,1518,487,170,121,1348,468,21781,2018,6331,1412,104,98,569,259,19,18,0,29,7982,1328,6776,1239,6029,1269,747,369
86000US90807,90807,33101,1943,24254,1895,11634,1480,5004,1002,134,156,4830,1157,62,68,168,181,2422,598,503,293,1919,515,8847,1135,1658,581,129,108,397,190,21,52,0,29,3962,905,2680,583,2064,514,616,310
86000US90808,90808,39317,1839,29196,1585,20023,1333,1956,692,0,29,4196,607,164,116,203,167,2654,610,266,144,2388,581,10121,988,2263,467,26,29,305,199,74,50,1,3,2434,492,5018,960,4462,944,556,195
86000US90810,90810,35833,2337,15877,1127,2374,522,3204,593,21,36,8486,1009,527,308,128,131,1137,392,85,98,1052,389,19956,1980,6228,1510,77,51,433,220,17,17,14,18,8221,1149,4966,911,4314,928,652,423
86000US90813,90813,51241,1996,17556,1360,4669,774,4919,818,60,55,5761,694,62,61,280,185,1805,413,247,150,1558,407,33685,1999,9621,1532,215,139,905,355,140,77,35,57,16185,1622,6584,1230,6312,1208,272,162
86000US90814,90814,19471,1481,13132,1190,9817,1267,869,306,41,47,1407,368,95,101,175,145,728,269,101,86,627,255,6339,1083,3266,1018,40,47,133,106,201,174,0,21,1044,376,1655,447,1472,414,183,104
86000US90815,90815,43023,1862,32082,1580,20759,1406,2781,717,342,257,5599,755,126,165,111,68,2364,494,435,197,1929,435,10941,1147,4888,1055,88,65,138,77,158,102,62,70,2573,586,3034,532,2400,495,634,262
86000US90822,90822,93,12,64,36,42,38,21,18,0,14,1,6,0,14,0,14,0,14,0,14,0,14,29,39,3,6,0,14,2,6,0,14,0,14,7,13,17,38,17,38,0,14
86000US90831,90831,0,14,0,14,0,14,0,14,0,14,0,14,0,14,0,14,0,14,0,14,0,14,0,14,0,14,0,14,0,14,0,14,0,14,0,14,0,14,0,14,0,14
86000US90840,90840,0,14,0,14,0,14,0,14,0,14,0,14,0,14,0,14,0,14,0,14,0,14,0,14,0,14,0,14,0,14,0,14,0,14,0,14,0,14,0,14,0,14
86000US91001,91001,35475,1961,25312,1490,13074,1084,7096,1152,21,28,2191,399,15,19,289,143,2626,476,519,225,2107,457,10163,1550,751,230,106,88,245,161,100,101,0,29,5049,1551,3912,661,3436,633,476,181
86000US91006,91006,31582,1381,25091,1297,5199,598,257,227,258,204,18198,1169,8,15,69,90,1102,587,42,36,1060,590,6491,1327,1396,904,0,29,66,68,29,48,0,29,2593,798,2407,896,2220,884,187,96
86000US91007,91007,33029,1285,27518,1428,6154,796,705,366,208,216,18732,1279,192,315,121,68,1406,427,200,115,1206,408,5511,932,827,321,15,23,51,55,137,102,0,29,1898,578,2583,756,2193,639,390,345
86000US91008,91008,743,119,631,112,305,80,23,30,0,14,294,95,0,14,3,4,6,7,0,14,6,7,112,42,5,6,0,14,0,14,8,11,8,11,7,7,84,42,84,42,0,14
86000US91010,91010,27589,748,12355,985,5701,744,1167,372,28,33,4200,688,152,154,138,129,969,395,178,94,791,383,15234,1119,1940,843,0,25,429,247,102,160,0,25,6790,1237,5973,955,5841,955,132,85
86000US91011,91011,19935,38,18393,419,10736,719,132,98,9,15,6139,650,12,19,146,114,1219,326,135,94,1084,329,1542,414,414,189,0,21,0,21,75,99,0,21,338,252,715,272,605,267,110,72
86000US91016,91016,41140,752,22466,1316,11574,1098,2122,592,97,122,6267,756,157,188,218,158,2031,504,239,109,1792,497,18674,1342,2882,1137,84,80,236,124,86,64,0,29,6831,1012,8555,1368,7700,1302,855,349
86000US91020,91020,7532,1056,6060,1149,3778,647,39,74,164,199,1417,346,0,19,34,53,628,690,42,64,586,688,1472,362,115,84,0,19,30,42,50,52,0,19,545,255,732,333,645,307,87,90
86000US91024,91024,10940,25,8982,472,5640,693,724,635,34,41,1875,486,0,21,59,48,650,272,96,91,554,262,1958,465,485,271,147,158,20,31,17,29,0,21,324,224,965,382,815,356,150,106
86000US91030,91030,26068,47,20924,602,9167,708,732,423,22,35,9116,720,44,100,212,228,1631,412,223,152,1408,403,5144,601,575,236,49,54,203,165,144,119,0,25,1955,431,2218,496,1915,498,303,120
86000US91040,91040,20821,1180,15661,1087,12564,1089,506,294,17,20,1666,408,6,11,100,109,802,262,178,108,624,224,5160,826,589,271,11,22,114,105,42,60,0,25,1293,377,3111,771,2611,688,500,228
86000US91042,91042,26928,1546,19851,1426,16205,1367,362,185,60,72,2016,451,56,77,228,200,924,368,119,101,805,360,7077,843,642,309,134,124,186,153,17,29,0,25,2440,635,3658,755,3191,727,467,216
86000US91046,91046,115,61,115,61,85,49,0,14,0,14,30,46,0,14,0,14,0,14,0,14,0,14,0,14,0,14,0,14,0,14,0,14,0,14,0,14,0,14,0,14,0,14
86000US91101,91101,21165,1131,15299,999,8186,879,1651,379,0,25,4488,673,17,26,61,56,896,244,79,97,817,236,5866,884,811,322,51,53,264,175,86,72,0,25,2495,613,2159,690,1976,693,183,113
86000US91103,91103,25142,1490,13301,1172,5988,704,3734,959,69,59,2530,443,7,20,72,49,901,254,92,67,809,249,11841,998,1431,578,211,119,141,165,26,26,0,25,7195,1042,2837,657,2552,614,285,133
86000US91104,91104,35937,1963,21910,1603,14017,1272,1950,632,10,14,3541,627,9,20,147,117,2236,516,258,135,1978,523,14027,1334,1110,380,151,103,387,238,145,104,0,29,6897,1199,5337,1082,4694,1044,643,272
86000US91105,91105,12531,794,10313,708,6547,610,334,218,0,21,2579,404,12,27,167,142,674,185,67,61,607,180,2218,588,235,118,26,42,20,47,166,198,0,21,588,357,1183,493,991,468,192,101
86000US91106,91106,23910,1346,16642,1278,7722,981,1721,534,52,63,4969,724,10,20,43,53,2125,590,291,271,1834,533,7268,1034,1499,693,25,28,57,60,26,42,0,25,3407,740,2254,692,2060,699,194,93
86000US91107,91107,32316,1511,23835,1157,12260,938,1654,438,20,21,8004,933,292,333,153,106,1452,283,123,77,1329,285,8481,1302,1071,396,25,28,134,91,142,119,0,29,3750,927,3359,725,2881,683,478,313
86000US91108,91108,12401,100,11733,317,2781,455,15,39,0,21,8373,622,0,21,0,21,564,190,71,58,493,184,668,280,104,113,0,21,8,13,0,21,0,21,132,84,424,216,353,200,71,56
86000US91125,91125,1000,482,889,479,535,368,38,36,4,7,189,99,0,14,0,14,123,129,0,14,123,129,111,57,36,27,0,14,0,14,0,14,27,52,34,22,14,15,8,11,6,9
86000US91201,91201,22394,1340,18248,1316,15767,1260,145,86,32,31,1194,284,73,99,85,85,952,611,156,162,796,560,4146,856,695,374,0,25,323,274,60,58,0,25,2128,671,940,373,815,369,125,70
86000US91202,91202,22504,1561,19885,1485,16242,1447,225,122,0,25,2740,606,0,25,25,39,653,222,69,72,584,217,2619,623,496,300,11,23,0,25,13,17,0,25,1086,417,1013,380,921,373,92,101
86000US91203,91203,16856,1192,13705,1084,9843,965,478,272,0,21,2693,571,18,56,281,175,392,167,75,92,317,138,3151,967,438,273,61,92,71,76,12,22,0,21,1732,867,837,417,743,414,94,97
86000US91204,91204,17857,1526,12546,1275,8920,1233,421,183,8,13,2788,651,6,13,172,127,231,135,71,77,160,87,5311,1073,275,159,0,21,14,30,0,21,0,21,3521,956,1501,629,1280,637,221,129
86000US91205,91205,34254,1760,25101,1650,19696,1589,565,314,47,41,3713,611,28,39,310,189,742,220,93,64,649,218,9153,1023,970,431,48,39,317,169,22,24,0,29,6333,819,1463,422,1297,369,166,148
86000US91206,91206,31961,1797,26592,1815,21067,1734,454,306,0,29,3844,551,53,62,169,183,1005,613,70,56,935,608,5369,806,917,431,14,25,67,77,136,126,0,29,2729,687,1506,531,1311,507,195,134
86000US91207,91207,10438,1256,9802,1262,8428,1248,14,23,0,21,910,225,0,21,0,21,450,346,0,21,450,346,636,238,0,21,0,21,102,116,0,21,0,21,188,112,346,173,219,119,127,123
86000US91208,91208,15969,1670,13908,1687,10004,1376,63,74,0,21,1599,391,18,30,14,21,2210,987,378,246,1832,977,2061,644,232,181,53,92,36,58,22,36,0,21,377,187,1341,584,968,405,373,243
86000US91210,91210,312,158,312,158,194,91,0,14,0,14,82,70,0,14,0,14,36,58,0,14,36,58,0,14,0,14,0,14,0,14,0,14,0,14,0,14,0,14,0,14,0,14
86000US91214,91214,30817,2168,26399,2148,15428,1801,251,166,19,31,8636,932,4,10,140,109,1921,817,796,765,1125,313,4418,825,927,434,21,59,167,133,18,28,0,29,1653,497,1632,505,1489,498,143,73
86000US91301,91301,23879,671,20427,1110,16599,1194,165,114,60,79,1768,442,23,37,311,269,1501,438,190,116,1311,429,3452,824,366,165,9,14,0,25,0,25,0,25,1635,767,1442,460,1075,325,367,324
86000US91302,91302,25569,985,23140,1259,18528,1338,791,374,44,56,2350,659,7,20,94,54,1326,350,153,124,1173,301,2429,609,480,207,14,21,0,25,31,30,0,25,398,208,1506,505,1238,446,268,175
86000US91303,91303,29805,1785,12502,1616,8071,1497,1407,416,123,127,2273,473,0,25,67,68,561,212,37,41,524,208,17303,1654,858,312,36,56,360,212,44,39,69,95,11352,1418,4584,1206,4221,1169,363,304
86000US91304,91304,52474,2091,29870,1617,16794,990,2227,484,65,47,7874,1032,33,26,249,164,2628,650,361,181,2267,627,22604,1975,2137,634,66,66,514,450,112,103,0,32,15289,2039,4486,801,4089,754,397,186
86000US91306,91306,47176,2686,25111,1985,11558,1470,1672,542,12,26,9429,1273,9,14,408,242,2023,443,346,192,1677,420,22065,1946,1914,628,30,36,668,282,25,29,0,29,14587,1724,4841,1004,4351,976,490,219
86000US91307,91307,26580,1690,21950,1496,15339,1498,1116,480,65,78,4004,575,28,31,333,183,1065,356,120,73,945,344,4630,785,678,329,33,39,6,21,0,25,0,25,2028,603,1885,499,1352,399,533,280
86000US91311,91311,40898,2166,29109,1555,16481,1299,2877,1029,24,24,7227,708,95,119,374,183,2031,473,201,94,1830,458,11789,1967,1797,541,76,66,223,134,485,580,0,29,4697,772,4511,1380,3847,1310,664,368
86000US91316,91316,29491,1497,25330,1480,20343,1459,771,339,8,14,1800,422,0,25,264,144,2144,746,370,203,1774,716,4161,782,779,394,0,25,86,131,33,43,0,25,1583,524,1680,477,1341,506,339,190
86000US91321,91321,31989,2000,15071,1236,10205,1093,703,287,8,22,2844,784,37,44,48,39,1226,374,138,132,1088,360,16918,1851,2157,622,9,15,579,336,47,53,0,29,5553,1083,8573,1661,8259,1656,314,206
86000US91324,91324,30699,2042,18262,1551,9556,899,1554,618,68,70,5791,967,0,29,382,279,911,285,77,74,834,276,12437,1540,822,318,44,48,230,192,134,95,0,29,8835,1512,2372,609,1982,558,390,218
86000US91325,91325,35062,1815,21487,1514,12226,1293,1813,479,43,56,5709,766,47,74,408,309,1241,360,272,143,969,326,13575,1505,1830,572,70,97,136,102,143,135,0,29,7960,1382,3436,774,3048,749,388,229
86000US91326,91326,38428,2032,33231,1980,15815,1262,2454,1478,31,28,12849,1117,77,113,346,154,1659,503,203,192,1456,434,5197,891,475,231,39,44,179,123,67,64,0,29,1718,491,2719,565,2307,555,412,209
86000US91330,91330,2512,54,1783,132,873,168,275,84,0,14,576,142,0,14,4,10,55,41,0,14,55,41,729,121,112,56,7,11,15,29,12,17,0,14,303,101,280,93,261,94,19,21
86000US91331,91331,97608,3420,11381,978,3745,572,1731,435,150,114,4580,742,87,98,271,127,817,403,199,134,618,371,86227,3538,7805,1402,146,119,981,300,53,40,0,32,37173,2700,40069,2593,38922,2588,1147,385
86000US91335,91335,74526,3062,35155,2272,19652,1393,2514,791,135,138,9748,1432,144,208,876,373,2086,433,293,143,1793,395,39371,2488,4026,865,76,83,761,346,278,191,0,32,25232,2415,8998,1557,8365,1479,633,236
86000US91340,91340,33424,1124,2758,502,1246,339,627,297,27,59,679,322,0,29,102,146,77,61,23,41,54,46,30666,1237,4194,1253,28,27,506,195,27,32,0,29,15116,1619,10795,1392,10341,1404,454,315
86000US91342,91342,93301,3658,25011,1928,11505,983,3500,722,137,89,7231,1301,187,143,947,630,1504,445,217,132,1287,398,68290,3168,7189,1277,430,283,1622,495,126,105,135,159,33618,2755,25170,2243,23968,2222,1202,341
86000US91343,91343,60783,2699,25231,1639,12454,1209,2085,614,219,238,8583,1014,41,49,283,129,1566,337,167,83,1399,338,35552,2161,3209,674,116,130,670,361,123,102,28,41,21382,1744,10024,1473,9444,1470,580,221
86000US91344,91344,52890,2407,36458,2215,23762,1787,1454,546,95,91,8631,972,118,135,688,678,1710,371,486,179,1224,318,16432,1484,2199,607,181,161,251,149,139,135,0,32,5611,835,8051,1490,7660,1488,391,172
86000US91345,91345,18714,1674,5907,797,3102,678,682,390,16,26,1609,351,15,22,128,129,355,202,57,54,298,200,12807,1495,999,326,41,41,330,158,103,136,61,87,6629,1255,4644,1067,4478,1085,166,101
86000US91350,91350,43973,2383,29702,1874,18920,1521,2181,1078,0,29,5511,1030,203,205,218,142,2669,713,485,261,2184,700,14271,2221,2787,777,88,89,364,202,191,186,0,29,2920,667,7921,2376,7411,2349,510,210
86000US91351,91351,33155,2093,16366,1349,10822,1369,1234,475,15,19,2657,420,0,29,275,226,1363,567,573,549,790,306,16789,1828,2879,1615,63,86,239,171,127,77,0,29,5891,1407,7590,1513,7263,1506,327,189
86000US91352,91352,46899,2351,15155,1460,10977,1364,1109,307,28,34,2119,479,70,115,265,149,587,215,70,76,517,193,31744,2206,2831,664,37,47,778,397,21,27,8,12,12096,1559,15973,1615,15206,1653,767,391
86000US91354,91354,33957,1913,27356,1731,15667,1336,1820,709,8,14,7501,1067,448,417,178,159,1734,452,234,147,1500,433,6601,868,1806,515,49,51,36,65,0,29,62,96,1036,441,3612,732,3140,746,472,199
86000US91355,91355,29123,1549,23134,1659,16833,1403,716,287,86,96,3213,652,4,14,56,46,2226,799,617,486,1609,632,5989,726,1215,386,7,13,90,88,104,83,0,25,1442,440,3131,670,2613,622,518,255
86000US91356,91356,30942,1754,25224,1523,18652,1324,1653,658,0,29,2681,681,0,29,162,157,2076,701,533,627,1543,427,5718,820,829,275,51,63,75,63,136,160,0,29,2565,717,2062,522,1759,494,303,193
86000US91361,91361,18802,1131,16719,1141,13547,1134,111,75,11,17,1309,321,0,21,583,448,1158,323,233,175,925,267,2083,411,444,167,0,21,18,25,10,17,0,21,366,154,1245,333,999,287,246,156
86000US91362,91362,35996,1594,29880,1550,23684,1342,765,340,27,41,3266,517,7,14,349,304,1782,364,599,269,1183,275,6116,951,954,464,0,29,62,90,7,11,15,24,1116,353,3962,1018,3550,1002,412,235
86000US91364,91364,27748,2052,24163,1764,16701,1248,1507,869,0,25,2946,1100,33,56,600,353,2376,612,470,264,1906,578,3585,782,573,237,4,6,34,50,108,132,0,25,1142,552,1724,460,1604,453,120,67
86000US91367,91367,45889,1860,39012,1736,25186,1615,3808,1064,111,83,6826,1023,78,73,206,127,2797,648,509,252,2288,600,6877,977,1511,665,215,177,267,260,142,227,0,29,2337,646,2405,477,1932,425,473,225
86000US91371,91371,0,14,0,14,0,14,0,14,0,14,0,14,0,14,0,14,0,14,0,14,0,14,0,14,0,14,0,14,0,14,0,14,0,14,0,14,0,14,0,14,0,14
86000US91381,91381,22582,1775,18067,1514,8705,1111,889,364,60,75,6643,1201,0,25,287,334,1483,524,175,99,1308,527,4515,1112,1214,623,21,33,456,495,116,115,0,25,706,300,2002,536,1749,524,253,180
86000US91384,91384,26478,1280,14994,979,9872,830,1357,331,81,113,2072,542,7,14,304,207,1301,420,427,279,874,279,11484,1126,2694,593,13,23,111,73,84,101,0,25,3423,566,5159,1023,4712,990,447,204
86000US91387,91387,46869,2212,26453,1840,15656,1327,3044,988,22,33,5078,829,50,62,528,440,2075,595,374,334,1701,472,20416,1900,2689,772,326,306,583,334,219,215,15,24,6734,1188,9850,1895,9358,1899,492,228
86000US91390,91390,19308,1410,14327,1166,11776,1064,403,212,9,17,1136,208,41,57,231,228,731,299,74,53,657,291,4981,1122,615,219,43,49,227,146,27,51,0,21,1724,1093,2345,492,2202,469,143,98
86000US91401,91401,39231,2111,21500,1639,15895,1296,1607,482,47,50,2089,512,0,29,328,195,1534,525,317,288,1217,432,17731,1800,1711,446,102,107,633,359,46,53,0,29,6096,997,9143,1858,8707,1838,436,203
86000US91402,91402,65754,2465,20057,1573,7612,1183,2287,653,78,64,9128,976,140,105,157,121,655,229,86,55,569,216,45697,2578,1840,585,98,108,707,269,9,14,0,32,35620,2325,7423,1197,6948,1161,475,261
86000US91403,91403,25793,1580,21776,1493,16946,1263,1086,356,3,6,2116,368,78,84,238,231,1309,383,385,259,924,223,4017,569,621,219,39,38,80,77,36,35,0,25,866,266,2375,544,1847,472,528,305
86000US91405,91405,56033,2862,22749,1831,13584,1526,2253,477,113,74,5086,997,281,340,253,173,1179,320,238,151,941,293,33284,2493,2888,1143,131,110,454,232,35,74,3,9,14263,2307,15510,2147,15015,2150,495,285
86000US91406,91406,51953,2426,21676,1360,13493,1079,1937,503,22,40,4302,814,0,32,221,146,1701,408,357,226,1344,331,30277,2131,3083,897,148,108,611,300,72,52,0,32,16371,1521,9992,1446,9163,1438,829,550
86000US91411,91411,23185,1439,12221,1097,7526,782,1547,426,24,37,2012,425,0,25,99,94,1013,371,228,193,785,333,10964,1143,1485,534,107,144,137,100,20,24,70,72,3372,744,5773,1142,5538,1121,235,127
86000US91423,91423,32328,1482,27465,1473,20660,1626,1906,556,25,31,1827,415,21,33,280,210,2746,667,456,324,2290,547,4863,705,687,233,88,54,79,72,88,99,0,29,993,286,2928,645,2529,649,399,220
86000US91436,91436,15969,1484,14435,1460,11939,1373,317,201,74,116,1177,350,17,38,93,84,818,345,38,47,780,345,1534,538,409,254,0,21,0,21,0,21,0,21,242,149,883,454,793,429,90,121
86000US91501,91501,19016,1323,16080,1468,12481,1477,567,232,36,50,1657,469,0,21,701,651,638,277,90,90,548,258,2936,736,498,322,126,113,40,45,111,147,0,21,1109,596,1052,322,828,279,224,136
86000US91502,91502,11652,978,8287,875,5768,820,514,271,44,75,1506,744,0,21,108,100,347,194,11,19,336,194,3365,655,446,248,34,54,50,73,0,21,0,21,1928,591,907,345,635,342,272,173
86000US91504,91504,27010,1824,20996,1751,14934,1705,1452,1011,63,68,2985,651,16,24,94,99,1452,608,93,64,1359,608,6014,948,728,372,35,48,180,128,24,30,0,25,1948,536,3099,724,2652,684,447,272
86000US91505,91505,31744,2003,23299,1546,15885,1281,1268,582,37,47,3832,688,35,44,55,63,2187,901,328,166,1859,891,8445,1334,1300,341,26,33,194,132,54,44,0,29,2982,676,3889,1241,3614,1230,275,140
86000US91506,91506,18612,1147,13353,1012,9299,835,448,218,0,21,2535,686,9,21,25,22,1037,468,259,277,778,337,5259,909,646,299,0,21,31,59,49,74,0,21,1882,596,2651,842,2448,828,203,166
86000US91601,91601,36992,1943,24531,1555,15804,1096,4071,745,46,51,2879,805,45,59,195,93,1491,306,235,122,1256,260,12461,1312,1869,543,168,110,128,68,230,178,0,29,5730,942,4336,915,3766,874,570,213
86000US91602,91602,20957,1504,16731,1393,11503,1098,1782,763,12,20,1916,625,0,25,214,150,1304,399,184,135,1120,390,4226,720,314,137,34,32,87,100,100,168,0,25,1897,654,1794,421,1622,421,172,93
86000US91604,91604,32469,1770,28589,1632,22201,1557,1327,381,78,77,2689,532,0,29,81,71,2213,604,501,297,1712,520,3880,675,937,299,80,67,73,68,0,29,0,29,1005,423,1785,540,1536,520,249,132
86000US91605,91605,49868,2375,19738,1246,12853,1047,925,234,10,13,4731,773,31,50,353,178,835,224,141,106,694,213,30130,1983,3444,1021,44,50,590,314,90,96,6,9,12540,1375,13416,1764,12845,1768,571,261
86000US91606,91606,43559,2167,20091,1521,13924,1282,2030,479,218,253,2292,741,0,29,261,142,1366,290,287,215,1079,291,23468,1953,2517,843,150,104,315,162,22,22,0,29,11458,1237,9006,1169,8455,1154,551,286
86000US91607,91607,31890,2053,24294,1654,17308,1521,2009,720,108,83,2614,635,34,51,125,125,2096,504,314,172,1782,491,7596,1294,953,363,79,79,24,37,138,105,0,29,2829,669,3573,1056,3119,961,454,331
86000US91608,91608,38,30,29,28,29,28,0,14,0,14,0,14,0,14,0,14,0,14,0,14,0,14,9,13,9,13,0,14,0,14,0,14,0,14,0,14,0,14,0,14,0,14
86000US91702,91702,60903,1166,19310,1212,7665,847,1625,602,88,73,8099,943,141,107,382,271,1310,488,134,86,1176,475,41593,1535,5751,1409,172,126,802,416,158,124,30,29,19157,1914,15523,1869,14067,1813,1456,430
86000US91706,91706,71082,138,19056,1545,2231,366,452,190,123,102,15357,1607,102,89,92,75,699,319,60,60,639,311,52026,1548,6845,1207,83,78,3119,726,149,131,51,79,22912,2082,18867,1792,18211,1783,656,338
86000US91709,91709,78006,101,56758,1610,18615,1765,3437,837,20,19,31741,1622,0,32,182,165,2763,568,288,149,2475,548,21248,1603,3268,649,103,81,586,438,277,219,52,69,7968,1329,8994,1452,7714,1457,1280,575
86000US91711,91711,37529,368,26539,909,16352,966,2547,691,15,23,5457,620,79,81,269,155,1820,375,322,183,1498,339,10990,903,1869,400,93,86,448,351,65,50,6,11,3521,751,4988,685,4148,631,840,284
86000US91722,91722,35099,1897,12081,1224,3993,627,1428,678,0,29,5471,998,13,36,302,208,874,257,182,120,692,236,23018,1781,3360,798,25,30,294,172,163,174,25,38,10239,1491,8912,1356,8298,1288,614,335
86000US91723,91723,17733,1196,6813,733,3373,642,856,443,36,44,1885,419,23,34,239,182,401,189,8,12,393,188,10920,1083,1735,694,74,83,200,161,63,71,0,21,4303,1024,4545,958,4120,939,425,168
86000US91724,91724,28352,2186,13447,1172,6785,850,1168,560,8,12,4318,611,123,127,162,142,883,290,41,44,842,281,14905,1865,1809,636,131,205,399,320,46,63,0,25,6516,1420,6004,1197,5452,1100,552,350
86000US91731,91731,27620,1744,9090,991,937,263,149,88,253,261,7566,974,66,47,57,64,62,60,0,25,62,60,18530,1833,1688,635,0,25,1354,907,67,65,64,55,7717,1209,7640,1488,7581,1481,59,58
86000US91732,91732,57431,2061,19148,1516,2092,410,338,301,139,140,15530,1407,109,81,334,236,606,289,223,227,383,154,38283,2077,3770,808,33,38,2042,697,46,46,0,32,18353,1952,14039,1672,13252,1635,787,393
86000US91733,91733,41255,1337,11370,1264,1094,384,285,159,133,130,9656,1206,0,29,46,47,156,107,13,18,143,104,29885,1566,2634,708,0,29,251,104,71,65,0,29,19871,1530,7058,1213,6800,1233,258,160
86000US91740,91740,26168,1390,13251,974,8459,801,916,413,20,25,2521,501,0,25,93,72,1242,438,109,85,1133,425,12917,1258,2030,642,55,67,303,209,57,38,0,25,5138,912,5334,987,4674,998,660,241
86000US91741,91741,26071,1396,18232,1148,12447,961,543,296,45,71,3789,737,16,27,235,165,1157,310,183,119,974,263,7839,845,1632,466,14,20,209,154,129,169,0,25,1996,524,3859,941,3091,802,768,316
86000US91744,91744,76942,2470,16489,1438,2977,798,777,278,438,367,11212,1094,0,32,380,184,705,292,19,22,686,288,60453,2364,7354,1477,86,68,1224,417,48,60,0,32,35741,2971,16000,1980,15170,1965,830,271
86000US91745,91745,54351,1942,30602,1760,6015,883,549,287,66,48,22866,1366,166,178,49,49,891,437,189,137,702,412,23749,1621,3454,742,35,39,449,185,157,96,0,32,12823,1479,6831,983,5936,886,895,412
86000US91746,91746,28387,2005,4407,681,569,219,398,233,27,42,3181,619,63,70,21,28,148,95,57,80,91,51,23980,1931,2378,664,0,25,556,394,60,71,0,25,14858,1802,6128,1170,5724,1126,404,264
86000US91748,91748,42463,2010,29684,1473,2531,367,603,207,84,67,25697,1525,166,119,113,91,490,195,36,33,454,193,12779,1570,1430,568,85,97,300,330,124,81,10,16,8037,1467,2793,489,2463,507,330,182
86000US91750,91750,32692,561,21020,1014,14293,907,1232,555,168,169,3442,562,0,29,183,153,1702,481,309,159,1393,421,11672,1031,2701,698,16,31,251,194,72,93,0,29,3098,654,5534,1047,5063,1076,471,205
86000US91754,91754,32248,1179,22530,1272,2141,646,240,139,41,40,19206,1256,59,40,58,68,785,272,126,132,659,230,9718,1081,1322,560,109,118,377,265,146,170,0,29,5369,1019,2395,474,2123,475,272,162
86000US91755,91755,26810,1165,20946,1280,1105,256,126,99,13,15,18877,1366,0,25,112,109,713,407,33,46,680,404,5864,895,918,274,0,25,217,272,69,74,0,25,3119,726,1541,597,1430,586,111,95
86000US91759,91759,341,147,282,126,255,122,10,11,0,14,0,14,0,14,0,14,17,23,0,14,17,23,59,54,0,14,0,14,0,14,0,14,0,14,0,14,59,54,59,54,0,14
86000US91765,91765,44502,921,36812,1073,5401,645,1520,545,282,221,27556,1431,100,64,222,306,1731,500,91,84,1640,497,7690,909,1161,462,51,74,157,131,128,83,0,29,2994,836,3199,603,2844,611,355,163
86000US91766,91766,69327,2090,19522,1401,5263,930,3373,741,604,484,8863,1040,142,104,112,61,1165,301,229,146,936,268,49805,2138,4520,1108,117,104,1370,634,194,175,20,31,29345,2106,14239,1919,13423,1925,816,230
86000US91767,91767,49152,2216,14850,1507,5443,837,3173,675,48,51,4512,704,71,50,285,236,1318,405,287,165,1031,355,34302,2370,3184,654,322,269,1006,417,17,21,0,29,18897,2223,10876,2069,10392,2080,484,218
86000US91768,91768,34200,1785,8820,737,3838,567,1418,312,16,24,2804,552,79,107,125,98,540,217,81,63,459,206,25380,1681,2292,616,21,34,1290,622,30,27,0,29,14063,1701,7684,1164,6856,1097,828,434
86000US91770,91770,58382,1268,41655,1606,1974,312,172,77,253,195,38513,1657,101,138,154,119,488,209,171,149,317,165,16727,1219,1621,470,0,32,639,319,137,81,0,32,10909,1171,3421,627,3266,628,155,87
86000US91773,91773,33598,185,19834,1071,11262,1004,1152,456,4,5,5514,1146,94,139,150,116,1658,541,426,272,1232,454,13764,1072,2402,806,47,50,356,259,68,67,0,29,4302,947,6589,982,5877,921,712,468
86000US91775,91775,23672,1371,17506,1153,4124,451,354,176,9,15,12062,1001,15,22,25,30,917,320,130,95,787,290,6166,851,765,274,13,21,39,50,214,186,5,11,3229,730,1901,516,1682,508,219,105
86000US91776,91776,36952,1141,26824,1399,2449,698,515,293,106,156,22776,1336,224,246,220,270,534,239,51,65,483,234,10128,1018,833,328,47,37,249,180,166,168,0,29,5763,989,3070,631,2680,606,390,243
86000US91780,91780,35588,625,27825,1081,4073,455,175,83,28,30,22570,1226,90,89,79,64,810,244,136,115,674,221,7763,1061,1408,509,43,51,270,196,126,96,0,29,3058,818,2858,560,2283,549,575,230
86000US91789,91789,40298,1155,32998,1521,3867,691,672,209,99,92,26998,1600,191,154,195,133,976,303,146,99,830,281,7300,985,1230,380,21,33,187,129,312,215,0,29,3014,764,2536,491,2261,480,275,122
86000US91790,91790,44710,2052,17899,1263,4792,818,1446,433,30,27,10795,1105,110,136,231,100,495,194,73,81,422,176,26811,2016,3219,751,77,66,1008,545,237,248,0,29,12391,1827,9879,1339,8759,1196,1120,477
86000US91791,91791,33028,1986,15960,1151,3539,582,1007,441,223,232,10495,935,20,22,173,167,503,227,96,109,407,201,17068,1695,2223,738,21,27,308,229,213,191,9,15,9018,1280,5276,1163,4801,1125,475,206
86000US91792,91792,30629,1296,17124,1369,1960,351,1773,875,33,33,12216,1059,264,273,182,124,696,206,157,108,539,178,13505,1266,1641,481,94,106,472,281,184,176,22,38,7006,909,4086,761,3653,733,433,196
86000US91801,91801,53381,1348,35606,1502,5215,602,1612,541,165,131,27107,1388,73,109,211,142,1223,340,151,107,1072,301,17775,1327,2340,610,64,47,682,306,167,103,12,18,9407,1176,5103,933,4223,763,880,442
86000US91803,91803,27715,1336,17143,1016,2092,349,299,156,0,25,13966,1138,90,83,33,41,663,237,78,63,585,229,10572,1083,1052,291,8,11,367,196,42,55,0,25,5539,867,3564,624,3179,585,385,151
86000US92397,92397,5854,882,4884,939,4401,898,0,19,0,19,220,219,42,67,46,52,175,144,81,102,94,102,970,314,285,198,46,54,74,101,0,19,0,19,319,216,246,187,246,187,0,19
86000US93243,93243,834,315,591,258,455,231,0,14,28,41,95,126,0,14,0,14,13,21,0,14,13,21,243,190,0,14,0,14,0,14,0,14,0,14,53,86,190,171,190,171,0,14
86000US93510,93510,7786,1000,4879,520,4311,559,79,44,1,3,184,157,0,19,27,35,277,155,34,55,243,136,2907,828,437,258,1,3,22,37,8,12,0,19,1838,837,601,387,527,383,74,71
86000US93532,93532,2930,639,2270,569,1969,552,64,57,13,18,103,72,25,42,8,22,88,45,7,10,81,44,660,412,77,53,0,14,56,58,0,14,0,14,152,99,375,387,350,386,25,28
86000US93534,93534,41430,2192,22357,1944,9518,1376,9582,1367,71,51,1316,513,112,102,215,206,1543,491,176,109,1367,474,19073,2152,3118,762,176,133,673,465,13,18,0,29,6453,1032,8640,1920,8405,1914,235,128
86000US93535,93535,79409,2776,34922,1894,13361,1322,15436,1517,39,44,1999,510,140,198,675,344,3272,901,497,296,2775,851,44487,2818,6383,1517,339,219,1357,629,109,142,67,100,17916,1897,18316,2306,17045,2403,1271,577
86000US93536,93536,73412,2720,44180,1972,27348,1709,8807,1173,245,167,4118,823,103,81,401,251,3158,724,655,353,2503,607,29232,1941,4706,760,207,125,844,391,82,106,8,13,10799,1591,12586,1822,11506,1776,1080,367
86000US93543,93543,12275,1778,2601,610,2057,518,207,188,24,29,141,134,71,97,13,21,88,67,0,21,88,67,9674,1638,881,577,0,21,0,21,0,21,0,21,5519,1588,3274,1203,3265,1203,9,15
86000US93544,93544,1027,385,498,228,473,223,0,14,0,14,0,14,0,14,0,14,25,30,0,14,25,30,529,277,44,57,0,14,0,14,0,14,0,14,169,223,316,236,316,236,0,14
86000US93550,93550,80645,2197,24522,1656,8452,1004,11167,1399,324,246,2252,481,0,32,254,130,2073,755,291,212,1782,785,56123,2456,7560,1387,264,130,1537,640,169,125,9,15,33317,2586,13267,1889,12292,1856,975,323
86000US93551,93551,54360,1953,29798,1807,16596,1501,5490,1182,165,116,4981,847,88,111,590,413,1888,621,277,219,1611,622,24562,1824,4054,1136,243,163,135,83,49,45,31,39,9600,1504,10450,1799,9695,1738,755,304
86000US93552,93552,42639,2159,11362,1999,4406,1391,4994,1225,149,167,947,374,17,29,440,373,409,179,63,60,346,170,31277,2050,3121,618,43,36,420,216,46,65,0,29,17412,1869,10235,1434,9392,1310,843,535
86000US93553,93553,1319,448,1066,383,1030,376,16,21,0,14,0,14,0,14,0,14,20,33,0,14,20,33,253,178,47,48,0,14,0,14,0,14,0,14,147,160,59,50,59,50,0,14
86000US93560,93560,22119,1368,11372,1195,6969,834,2058,828,0,25,775,281,7,11,254,252,1309,436,569,422,740,321,10747,1084,2758,618,61,49,235,163,27,31,16,24,5090,1107,2560,782,2408,759,152,110
86000US93563,93563,195,211,159,199,96,124,37,39,0,14,0,14,0,14,0,14,26,40,26,40,0,14,36,34,11,19,0,14,0,14,0,14,0,14,17,33,8,17,8,17,0,14
86000US93591,93591,7051,971,2037,631,1112,444,454,291,4,11,186,238,0,19,5,8,276,220,20,31,256,213,5014,868,382,255,0,19,100,112,0,19,0,19,1785,642,2747,784,2710,775,37,43
