geoid,name,B25070001,"B25070001, Error",B25070002,"B25070002, Error",B25070003,"B25070003, Error",B25070004,"B25070004, Error",B25070005,"B25070005, Error",B25070006,"B25070006, Error",B25070007,"B25070007, Error",B25070008,"B25070008, Error",B25070009,"B25070009, Error",B25070010,"B25070010, Error",B25070011,"B25070011, Error"
05000US06037,"Los Angeles County, CA",1848466,7040,50496,1791,116237,2571,185964,3462,200924,4080,190551,3631,164112,3453,125317,3140,181534,3103,542635,5903,90696,2936
86000US90001,90001,9079,563,212,95,479,128,618,161,1312,297,880,290,838,234,544,164,1255,188,2573,394,368,167
86000US90002,90002,7925,500,173,100,287,114,557,156,717,187,703,200,591,188,733,204,884,201,2997,390,283,110
86000US90003,90003,12944,580,547,175,538,156,801,235,1384,288,1330,299,921,257,681,181,1413,257,4550,426,779,195
86000US90004,90004,20298,734,538,165,1248,227,1907,395,1922,304,2021,294,1755,309,1612,297,2057,373,6512,600,726,219
86000US90005,90005,16665,772,422,134,749,201,1321,298,1323,314,1766,309,1797,371,1094,281,1670,336,5754,549,769,249
86000US90006,90006,17796,711,561,140,1070,237,1672,331,1811,315,1781,252,1575,269,1276,333,1542,237,5727,492,781,182
86000US90007,90007,11390,590,387,141,447,144,906,218,745,170,767,170,1120,255,599,159,1175,276,4179,459,1065,250
86000US90008,90008,10078,652,337,165,693,239,721,209,840,250,1052,234,628,179,361,191,774,212,4196,708,476,202
86000US90010,90010,2178,295,34,37,198,128,258,100,150,77,325,155,283,134,180,86,192,127,419,150,139,89
86000US90011,90011,17944,697,436,144,1062,220,1769,348,1379,258,1922,370,1657,268,1322,320,2014,296,5930,461,453,173
86000US90012,90012,14448,787,451,140,825,191,1571,347,1335,295,1834,349,1711,360,899,267,1347,331,3885,480,590,173
86000US90013,90013,7799,678,323,172,432,203,671,303,794,248,997,300,969,279,584,229,734,304,1833,309,462,168
86000US90014,90014,6587,547,109,86,343,170,468,197,502,234,1041,358,825,267,419,216,573,240,1990,440,317,166
86000US90015,90015,11838,838,330,148,852,335,1057,334,1507,402,967,435,1346,428,535,252,757,330,3433,685,1054,318
86000US90016,90016,11781,804,293,124,1126,257,1116,255,997,357,909,227,1006,282,816,252,1404,347,3450,639,664,238
86000US90017,90017,13776,734,227,89,744,214,1014,275,1365,286,1164,291,1480,335,950,331,1518,381,4819,666,495,194
86000US90018,90018,11720,598,330,192,723,196,724,233,1246,321,1270,353,1181,264,629,211,1112,252,3780,395,725,216
86000US90019,90019,18299,934,492,156,1513,394,1748,289,2004,465,2129,429,1368,340,1246,328,1666,296,5272,619,861,245
86000US90020,90020,16335,830,233,91,1105,454,1569,319,1485,304,1754,330,1313,333,962,245,1794,383,5392,503,728,216
86000US90021,90021,1376,256,108,76,58,51,128,73,53,70,96,69,87,79,98,75,82,61,620,218,46,36
86000US90022,90022,11298,597,329,108,1225,374,1508,247,1276,310,1051,228,980,239,724,185,1144,254,2612,357,449,128
86000US90023,90023,8796,458,225,125,531,140,987,258,979,222,726,159,1001,226,710,240,623,167,2670,397,344,128
86000US90024,90024,11314,674,363,141,456,165,807,180,806,208,557,186,485,165,503,168,1042,258,5508,676,787,192
86000US90025,90025,17857,895,788,290,1536,430,2359,354,1606,289,1488,378,1881,318,924,267,1478,292,4925,522,872,220
86000US90026,90026,20753,697,912,256,1798,337,2558,351,2560,403,2129,363,1842,330,1373,233,1680,245,4974,560,927,236
86000US90027,90027,17734,589,834,183,1312,280,2228,327,2191,340,1939,284,1587,276,957,226,1621,260,4571,465,494,167
86000US90028,90028,18170,823,405,165,748,257,1649,327,2222,488,2041,448,1465,332,918,265,1606,379,6069,865,1047,260
86000US90029,90029,11925,448,308,111,863,212,1195,219,1284,268,1184,228,964,193,997,204,1128,265,3614,499,388,141
86000US90031,90031,8446,452,389,141,323,106,882,186,597,141,862,207,817,222,486,163,952,267,2683,371,455,164
86000US90032,90032,6566,459,292,193,347,113,895,189,710,188,714,187,548,156,503,145,621,195,1522,244,414,148
86000US90033,90033,10882,483,351,135,883,178,1099,212,1421,254,1141,206,968,217,716,181,886,211,3159,377,258,97
86000US90034,90034,21217,851,580,144,1781,292,2793,411,3090,466,2453,465,1974,364,1886,431,1662,321,4507,456,491,150
86000US90035,90035,8910,629,139,84,740,266,669,176,1108,374,1045,269,967,333,816,269,907,230,2317,363,202,79
86000US90036,90036,17743,637,564,162,1458,327,2008,316,1884,318,1701,275,1763,325,1309,320,1450,316,4924,558,682,246
86000US90037,90037,13623,671,309,109,945,262,1064,251,1605,347,1378,274,1295,251,541,143,1526,291,4200,393,760,291
86000US90038,90038,12387,588,280,171,469,146,1343,282,1237,319,1471,299,1156,309,869,284,916,244,4038,531,608,223
86000US90039,90039,6775,600,224,101,540,160,706,197,672,272,877,257,533,251,335,180,877,236,1726,375,285,122
86000US90040,90040,1449,216,57,64,131,83,173,115,149,90,105,63,59,45,94,81,116,86,489,162,76,73
86000US90041,90041,4498,382,174,72,426,163,525,151,530,181,533,170,301,108,530,245,255,105,1107,248,117,70
86000US90042,90042,11307,532,342,139,871,156,1267,274,1764,283,1098,290,1036,220,900,213,1003,185,2699,351,327,93
86000US90043,90043,7739,661,136,80,404,168,515,237,408,167,985,365,556,184,443,236,679,203,3295,514,318,125
86000US90044,90044,18354,907,728,235,769,219,1159,285,1828,284,1200,293,1483,278,1150,278,1774,327,7490,788,773,279
86000US90045,90045,8669,695,155,105,648,220,723,270,1164,277,781,197,684,234,566,239,757,266,2723,527,468,188
86000US90046,90046,22343,829,779,266,1860,484,3067,524,2170,514,2879,568,1841,343,1316,323,1959,449,5563,659,909,267
86000US90047,90047,7630,834,175,147,466,175,454,304,526,205,649,201,445,201,226,131,891,384,3323,587,475,220
86000US90048,90048,8884,608,232,101,605,201,751,192,1346,351,677,194,761,226,465,158,864,227,2888,454,295,71
86000US90049,90049,7766,452,403,134,844,214,1017,264,1040,248,780,209,653,189,450,186,556,170,1633,245,390,159
86000US90052,90052,0,14,0,14,0,14,0,14,0,14,0,14,0,14,0,14,0,14,0,14,0,14
86000US90056,90056,1465,364,116,116,150,112,344,264,100,76,133,111,93,133,116,88,159,146,254,137,0,19
86000US90057,90057,16347,667,359,136,794,205,1651,366,1282,380,1672,267,1809,328,766,184,2119,378,5064,543,831,217
86000US90058,90058,1082,212,22,38,69,65,115,75,57,38,90,59,150,88,106,78,98,101,324,139,51,70
86000US90059,90059,5754,564,105,89,356,164,541,169,514,176,368,180,341,132,385,165,567,210,2085,357,492,237
86000US90061,90061,5188,436,257,130,250,113,392,139,511,213,452,163,251,109,458,176,423,179,1975,335,219,100
86000US90062,90062,5383,419,199,95,248,123,411,182,563,214,435,172,567,207,407,144,441,170,1890,333,222,86
86000US90063,90063,8164,543,329,135,774,222,898,213,914,237,1099,236,751,203,358,136,693,192,1857,341,491,197
86000US90064,90064,6013,477,250,122,376,128,746,208,535,155,772,294,334,136,733,229,583,202,1364,214,320,171
86000US90065,90065,8826,593,422,124,542,192,861,199,1149,293,947,210,762,192,522,187,1026,339,2198,299,397,119
86000US90066,90066,15599,784,367,142,1481,286,2002,361,2426,434,2097,281,959,185,1003,237,1298,371,3174,455,792,208
86000US90067,90067,785,287,0,14,85,94,37,62,19,27,7,11,0,14,36,60,92,100,210,134,299,267
86000US90068,90068,6910,592,157,99,423,132,585,162,835,254,537,165,454,169,558,203,610,213,2246,342,505,275
86000US90069,90069,8540,693,329,144,672,208,1226,325,776,247,1065,337,584,248,387,149,738,302,2412,465,351,180
86000US90071,90071,0,14,0,14,0,14,0,14,0,14,0,14,0,14,0,14,0,14,0,14,0,14
86000US90073,90073,4,6,0,14,4,6,0,14,0,14,0,14,0,14,0,14,0,14,0,14,0,14
86000US90077,90077,520,160,173,112,3,6,8,15,28,35,13,21,14,18,0,19,0,19,198,99,83,80
86000US90079,90079,0,14,0,14,0,14,0,14,0,14,0,14,0,14,0,14,0,14,0,14,0,14
86000US90089,90089,0,19,0,19,0,19,0,19,0,19,0,19,0,19,0,19,0,19,0,19,0,19
86000US90094,90094,4270,434,125,128,270,165,419,198,425,241,561,290,441,213,180,139,581,275,920,346,348,190
86000US90095,90095,0,14,0,14,0,14,0,14,0,14,0,14,0,14,0,14,0,14,0,14,0,14
86000US90201,90201,19346,659,331,142,1276,238,1889,337,2148,318,1751,318,1596,317,1286,283,2214,368,6155,438,700,279
86000US90210,90210,2350,347,205,111,203,115,133,102,108,77,133,102,196,125,28,36,128,72,911,282,305,163
86000US90211,90211,2337,321,27,32,142,71,365,126,201,129,319,145,133,86,73,54,210,119,824,257,43,32
86000US90212,90212,4373,510,543,244,216,115,415,209,371,213,364,167,337,205,269,183,291,153,1267,370,300,174
86000US90220,90220,5178,444,48,39,368,131,429,127,707,264,480,157,267,103,453,227,662,205,1473,248,291,129
86000US90221,90221,6076,421,110,85,340,146,499,141,692,187,805,202,379,151,431,169,531,152,1873,316,416,189
86000US90222,90222,3877,434,107,78,245,108,244,94,511,182,389,140,442,213,273,140,382,128,1031,196,253,122
86000US90230,90230,5642,562,285,137,388,138,651,247,588,174,473,158,712,304,429,215,421,164,1428,409,267,132
86000US90232,90232,4444,513,141,80,483,239,487,162,751,422,398,145,481,196,251,133,198,92,1159,277,95,88
86000US90240,90240,2728,340,29,37,138,101,317,160,345,189,210,100,315,162,152,109,394,286,707,219,121,67
86000US90241,90241,8554,585,179,131,507,236,888,258,1319,298,892,241,849,195,724,196,1051,366,1884,308,261,165
86000US90242,90242,5787,443,117,67,208,113,605,188,650,200,492,166,641,246,591,189,743,247,1451,328,289,113
86000US90245,90245,4275,435,102,71,416,200,815,313,731,209,598,218,341,165,266,124,355,132,517,152,134,72
86000US90247,90247,9513,570,298,151,584,176,1046,278,1103,254,1186,347,701,179,564,161,1117,299,2604,368,310,111
86000US90248,90248,1416,272,25,27,234,128,282,178,108,68,155,90,72,60,94,62,194,115,212,101,40,27
86000US90249,90249,3766,388,243,218,125,87,366,133,393,151,295,125,396,154,303,121,337,127,1117,242,191,80
86000US90250,90250,22202,850,491,180,1183,303,2646,498,2662,388,2095,375,1760,369,1884,395,2364,395,6620,720,497,191
86000US90254,90254,4413,452,365,177,503,169,475,152,597,206,372,188,515,195,219,140,491,247,651,232,225,141
86000US90255,90255,13142,490,249,120,929,204,1324,269,1439,317,1484,299,1018,210,1149,207,1343,233,3774,384,433,143
86000US90260,90260,5861,397,121,57,524,201,688,225,454,118,624,157,623,153,348,146,571,182,1616,309,292,129
86000US90262,90262,7859,493,59,57,358,156,845,211,957,250,769,213,749,195,606,229,781,183,2407,444,328,142
86000US90263,90263,0,14,0,14,0,14,0,14,0,14,0,14,0,14,0,14,0,14,0,14,0,14
86000US90265,90265,1346,235,75,49,50,43,205,128,166,84,32,29,15,17,29,30,44,49,420,152,310,136
86000US90266,90266,4707,528,246,124,365,159,921,389,745,223,340,171,282,166,182,85,286,119,1009,286,331,182
86000US90270,90270,4551,285,42,30,341,123,500,137,372,124,699,205,389,184,233,106,489,145,1366,212,120,75
86000US90272,90272,1683,305,41,36,207,111,121,99,153,100,183,127,42,34,57,51,81,51,688,206,110,72
86000US90274,90274,1278,246,19,27,20,33,188,105,160,76,73,48,67,58,94,71,148,116,300,107,209,112
86000US90275,90275,2973,414,69,60,125,88,370,157,439,162,422,192,178,91,334,155,301,177,495,152,240,122
86000US90277,90277,8324,657,413,194,773,253,975,237,783,209,870,277,634,279,715,312,872,302,1889,340,400,185
86000US90278,90278,6509,487,296,129,587,162,996,228,1131,273,789,216,504,186,410,167,634,225,1067,243,95,70
86000US90280,90280,13747,605,371,144,1099,240,1565,343,1521,275,1485,286,1058,227,790,223,1294,266,4041,492,523,175
86000US90290,90290,498,183,0,19,31,34,14,25,66,86,0,19,0,19,118,117,10,16,212,133,47,55
86000US90291,90291,9618,710,478,141,965,302,1070,248,955,224,1087,315,926,328,531,198,870,332,2471,356,265,106
86000US90292,90292,9565,912,265,186,908,316,1159,457,1327,497,1128,521,750,309,551,277,748,392,2591,682,138,131
86000US90293,90293,3661,331,163,105,227,96,624,185,456,142,406,134,292,146,274,154,366,266,781,208,72,49
86000US90301,90301,9156,704,34,46,571,200,734,206,1185,317,596,241,1190,299,427,234,619,201,3084,607,716,329
86000US90302,90302,8006,491,220,124,624,223,513,224,688,190,830,324,884,375,1042,354,777,265,2145,468,283,161
86000US90303,90303,4097,402,33,35,191,83,221,86,389,138,479,140,499,193,589,278,331,127,1236,253,129,68
86000US90304,90304,5258,454,155,97,416,135,711,171,381,155,402,120,279,135,367,178,584,247,1761,399,202,115
86000US90305,90305,2400,350,7,12,50,42,256,199,231,90,233,111,360,175,230,121,261,117,710,184,62,80
86000US90401,90401,4984,439,503,235,414,216,344,134,627,234,661,285,339,196,196,101,477,235,1039,246,384,215
86000US90402,90402,1310,255,80,69,180,132,363,138,30,36,27,30,57,68,136,109,58,48,265,102,114,78
86000US90403,90403,9720,593,453,194,1079,333,1619,483,1302,309,1133,353,789,227,317,163,638,290,2265,446,125,72
86000US90404,90404,8423,627,465,197,771,234,1202,228,1026,277,923,250,526,176,658,356,709,294,1828,406,315,141
86000US90405,90405,9820,739,704,256,1413,454,956,253,1037,281,834,256,723,242,479,167,733,269,2402,478,539,322
86000US90501,90501,8391,500,236,101,519,205,876,177,880,266,742,216,996,317,460,162,1474,290,1972,315,236,107
86000US90502,90502,2148,345,55,68,102,57,220,144,246,128,204,93,141,91,248,167,111,69,593,193,228,137
86000US90503,90503,8043,559,263,117,646,278,988,233,980,254,1146,394,802,204,704,259,576,202,1732,307,206,89
86000US90504,90504,4662,518,22,17,257,88,392,156,497,172,640,272,542,221,358,151,319,105,1335,429,300,160
86000US90505,90505,6094,529,102,76,505,157,568,181,755,203,580,202,428,142,440,180,686,248,1527,369,503,234
86000US90506,90506,0,14,0,14,0,14,0,14,0,14,0,14,0,14,0,14,0,14,0,14,0,14
86000US90601,90601,4125,442,32,30,247,116,641,243,564,218,388,175,346,144,289,167,438,170,1104,296,76,54
86000US90602,90602,4990,453,66,67,209,108,360,136,357,118,688,205,569,187,672,224,746,189,1172,236,151,101
86000US90603,90603,1398,298,0,25,95,79,223,165,77,71,203,140,226,115,226,149,47,48,215,112,86,97
86000US90604,90604,4059,357,80,64,374,134,377,146,451,164,605,203,510,157,401,155,316,141,829,216,116,67
86000US90605,90605,3707,469,100,126,234,137,300,131,502,228,513,221,359,164,96,58,504,188,890,215,209,112
86000US90606,90606,2469,330,48,64,126,83,220,125,384,195,196,99,374,148,212,111,176,105,556,178,177,140
86000US90621,90621,7161,590,183,111,549,195,630,219,945,323,1173,369,425,181,394,160,858,355,1952,327,52,38
86000US90623,90623,1688,284,23,28,61,38,99,75,204,99,178,116,159,92,192,136,138,104,558,180,76,54
86000US90630,90630,5145,466,84,96,377,161,491,160,568,150,569,163,431,156,296,119,413,130,1431,324,485,252
86000US90631,90631,8745,509,149,81,642,267,848,180,1325,308,1047,274,752,209,494,153,1021,241,2093,384,374,196
86000US90638,90638,3663,405,34,32,178,82,359,128,444,148,349,136,467,215,205,191,537,276,814,222,276,111
86000US90639,90639,0,14,0,14,0,14,0,14,0,14,0,14,0,14,0,14,0,14,0,14,0,14
86000US90640,90640,10670,550,216,123,613,187,1049,280,1252,296,875,204,996,256,883,252,1158,299,3045,379,583,226
86000US90650,90650,8619,471,278,149,352,126,825,177,1122,257,953,264,588,172,746,179,742,191,2608,365,405,142
86000US90660,90660,4973,492,89,73,251,124,590,171,246,110,363,138,653,316,421,154,578,192,1257,270,525,180
86000US90670,90670,2028,303,8,14,41,39,105,73,316,182,303,151,406,185,68,51,145,90,477,163,159,88
86000US90701,90701,2278,284,101,65,257,114,193,143,350,205,251,137,246,114,197,134,83,61,540,196,60,49
86000US90703,90703,3945,476,352,242,302,110,757,237,634,265,323,134,239,114,157,81,191,90,685,211,305,123
86000US90704,90704,668,230,0,14,0,14,159,127,57,73,43,71,240,168,0,14,127,117,0,14,42,68
86000US90706,90706,14450,633,345,146,857,259,1515,284,1714,316,1448,288,1235,261,1216,237,1589,252,4049,564,482,157
86000US90710,90710,4144,426,169,97,309,131,389,145,497,140,269,91,500,194,392,212,453,181,979,260,187,91
86000US90712,90712,2468,365,34,33,222,177,147,90,528,190,401,214,231,104,195,105,329,167,349,144,32,19
86000US90713,90713,1363,246,18,26,59,41,210,97,179,106,194,88,172,81,17,20,173,94,263,102,78,66
86000US90715,90715,3317,343,11,16,232,116,356,161,318,130,488,201,389,144,108,75,414,137,852,219,149,81
86000US90716,90716,2218,277,44,36,178,118,197,87,324,125,244,137,236,139,79,60,228,132,618,190,70,65
86000US90717,90717,4229,385,178,86,334,176,417,125,492,176,469,211,328,130,303,142,583,193,818,231,307,215
86000US90723,90723,8338,618,179,136,344,154,854,236,801,275,1132,295,775,235,468,152,1042,276,2420,377,323,163
86000US90731,90731,15624,661,661,206,578,151,1781,345,1817,314,1650,283,1154,255,1296,296,1539,284,4568,596,580,245
86000US90732,90732,2624,350,62,59,180,88,316,140,245,139,275,118,250,118,137,78,278,139,707,236,174,126
86000US90740,90740,2922,290,127,100,179,83,328,115,364,127,228,114,190,96,274,117,289,126,730,173,213,106
86000US90744,90744,9537,426,272,100,583,173,714,182,873,196,930,198,724,187,778,189,714,178,3502,387,447,159
86000US90745,90745,5196,509,380,141,323,140,471,200,636,197,418,162,457,171,505,177,433,172,1324,281,249,153
86000US90746,90746,1250,317,33,39,175,128,212,170,45,28,124,76,24,23,41,37,89,61,446,179,61,44
86000US90747,90747,0,14,0,14,0,14,0,14,0,14,0,14,0,14,0,14,0,14,0,14,0,14
86000US90755,90755,2260,293,87,83,220,113,438,209,364,220,218,173,208,190,254,145,185,125,253,145,33,38
86000US90802,90802,17702,981,198,116,805,270,1435,375,2072,464,2371,422,1850,358,1607,420,2005,440,4689,680,670,222
86000US90803,90803,9449,745,325,139,695,253,1514,411,1811,403,768,271,1168,340,459,197,817,240,1537,383,355,253
86000US90804,90804,11948,595,174,90,573,217,1445,323,1295,271,1173,288,1237,328,956,302,1375,365,3426,425,294,113
86000US90805,90805,16343,770,228,106,934,255,1705,325,1846,282,1629,329,1426,342,859,190,1907,399,4834,529,975,362
86000US90806,90806,7940,548,387,197,628,177,726,208,737,205,1112,263,602,207,415,190,1033,252,2135,411,165,124
86000US90807,90807,5433,599,89,80,279,128,811,310,487,260,549,218,373,159,265,142,513,202,1732,403,335,173
86000US90808,90808,2490,317,34,33,97,61,311,152,333,141,427,161,271,128,176,117,329,165,402,133,110,57
86000US90810,90810,3995,441,176,107,195,99,372,177,566,238,724,205,246,111,251,90,275,112,1007,207,183,118
86000US90813,90813,14654,615,338,162,791,249,1356,293,1492,278,1491,306,1364,310,916,223,1429,276,4941,420,536,137
86000US90814,90814,6096,513,159,125,699,256,821,241,772,222,552,218,715,273,422,183,375,188,1229,282,352,159
86000US90815,90815,5410,437,221,82,223,107,628,316,809,229,622,194,453,122,292,122,524,184,1208,255,430,152
86000US90822,90822,0,14,0,14,0,14,0,14,0,14,0,14,0,14,0,14,0,14,0,14,0,14
86000US90831,90831,0,14,0,14,0,14,0,14,0,14,0,14,0,14,0,14,0,14,0,14,0,14
86000US90840,90840,0,14,0,14,0,14,0,14,0,14,0,14,0,14,0,14,0,14,0,14,0,14
86000US91001,91001,2526,379,15,22,111,78,180,85,204,103,235,103,224,97,164,99,401,138,733,192,259,182
86000US91006,91006,3209,447,26,28,242,161,380,180,282,119,448,161,149,75,294,257,238,125,888,241,262,99
86000US91007,91007,5649,419,97,79,439,201,734,242,468,149,355,135,555,173,460,159,655,179,1530,305,356,129
86000US91008,91008,23,18,0,14,2,3,0,14,0,14,0,14,0,14,0,14,0,14,16,18,5,5
86000US91010,91010,3425,422,31,43,180,85,539,175,489,268,350,162,207,115,260,142,404,152,844,210,121,60
86000US91011,91011,836,194,61,63,74,51,97,84,102,63,64,46,41,33,9,14,183,109,143,83,62,57
86000US91016,91016,7956,470,237,100,733,304,947,223,895,205,723,186,855,253,520,186,597,187,2134,348,315,128
86000US91020,91020,2410,293,100,83,91,63,224,110,436,242,38,35,186,109,205,97,218,160,844,224,68,49
86000US91024,91024,2041,347,102,104,146,108,302,181,324,195,117,79,299,250,87,71,44,40,398,175,222,155
86000US91030,91030,5723,473,199,98,439,178,740,225,1057,385,546,177,645,186,475,191,456,134,992,231,174,91
86000US91040,91040,2539,388,86,79,136,94,175,127,353,137,163,72,281,139,170,109,231,142,866,243,78,73
86000US91042,91042,4809,462,34,33,133,70,446,140,339,127,551,205,326,117,323,170,592,185,1693,338,372,159
86000US91046,91046,76,49,0,14,8,13,0,14,0,14,35,55,8,14,0,14,0,14,25,26,0,14
86000US91101,91101,9760,560,235,135,788,219,825,216,1301,401,1260,292,902,275,594,173,827,270,2327,355,701,266
86000US91103,91103,4607,428,163,78,308,147,332,94,459,169,396,163,336,131,380,201,518,153,1402,254,313,165
86000US91104,91104,6010,563,160,84,362,130,803,282,620,199,816,245,498,145,510,229,360,125,1486,349,395,164
86000US91105,91105,2546,305,43,36,232,111,409,178,393,144,416,172,104,66,170,89,248,123,400,150,131,85
86000US91106,91106,6880,576,73,53,346,115,967,224,927,265,660,197,614,199,482,193,759,247,1766,386,286,129
86000US91107,91107,5070,483,169,85,219,92,689,176,653,198,459,222,529,165,382,142,380,151,1405,241,185,84
86000US91108,91108,728,163,52,55,36,30,160,132,20,26,54,48,33,38,75,50,34,39,132,78,132,107
86000US91125,91125,97,123,0,14,0,14,0,14,79,120,0,14,0,14,0,14,0,14,18,29,0,14
86000US91201,91201,5337,381,150,97,415,177,576,215,479,149,478,163,351,186,324,140,501,218,1991,312,72,51
86000US91202,91202,4995,364,232,129,272,132,584,239,446,155,365,137,253,118,342,141,470,169,1830,334,201,106
86000US91203,91203,5737,331,122,103,291,136,637,213,428,138,571,178,527,182,323,144,458,163,2080,292,300,155
86000US91204,91204,6243,426,145,78,179,75,720,330,560,166,616,191,594,208,688,231,473,171,1864,357,404,184
86000US91205,91205,10968,531,157,75,626,215,863,228,1036,248,1082,221,858,196,639,205,898,225,4134,478,675,187
86000US91206,91206,7519,499,314,141,430,167,577,189,548,168,615,196,642,246,424,148,704,225,2538,345,727,296
86000US91207,91207,1855,355,42,63,75,77,103,71,89,76,183,121,185,163,76,64,83,99,873,289,146,116
86000US91208,91208,2120,520,47,63,23,27,162,119,274,191,231,115,269,356,119,72,189,117,643,262,163,92
86000US91210,91210,123,62,9,13,0,14,0,14,16,26,0,14,9,14,0,14,7,11,82,61,0,14
86000US91214,91214,2695,402,234,120,138,77,411,185,195,103,332,174,91,56,153,95,314,121,722,215,105,79
86000US91301,91301,1558,254,11,17,186,89,129,66,98,67,145,107,85,75,85,47,167,106,546,166,106,75
86000US91302,91302,2791,348,13,22,77,63,193,107,280,129,214,114,157,97,168,70,219,135,1222,345,248,161
86000US91303,91303,8394,532,155,95,339,146,776,214,814,261,1016,288,725,246,350,145,1185,325,2338,389,696,249
86000US91304,91304,9020,577,300,139,300,126,694,235,899,273,876,242,818,200,851,196,1124,271,2821,425,337,124
86000US91306,91306,6428,486,106,60,311,141,438,147,536,149,445,152,688,220,628,183,610,184,2276,360,390,144
86000US91307,91307,1833,272,36,33,78,50,212,108,225,168,184,68,162,67,83,50,143,96,579,209,131,84
86000US91311,91311,4866,531,111,89,259,134,395,135,718,276,592,347,419,160,373,118,534,162,1205,263,260,126
86000US91316,91316,6415,657,30,30,398,158,540,222,408,162,690,253,890,293,520,224,542,194,2008,584,389,172
86000US91321,91321,4261,431,32,32,188,98,256,121,410,123,362,172,565,210,343,189,768,280,1234,264,103,64
86000US91324,91324,5721,507,70,62,249,107,542,301,477,180,442,130,587,166,534,157,483,193,2216,475,121,61
86000US91325,91325,6887,587,189,94,342,173,533,191,348,116,848,315,549,191,620,199,880,301,2413,425,165,108
86000US91326,91326,3246,440,25,27,89,70,112,67,261,148,260,128,392,191,289,232,188,102,1355,378,275,166
86000US91330,91330,4,7,0,14,0,14,0,14,0,14,0,14,0,14,0,14,0,14,0,14,4,7
86000US91331,91331,8724,527,154,85,410,160,938,183,749,172,811,155,796,186,706,311,916,221,2850,377,394,107
86000US91335,91335,12047,660,175,86,457,127,954,241,1413,302,1083,204,959,205,803,238,1431,330,4285,395,487,157
86000US91340,91340,3012,309,83,60,128,60,172,99,259,110,300,104,369,131,222,92,356,164,999,253,124,77
86000US91342,91342,8223,589,141,86,350,151,618,191,741,224,1036,213,562,166,374,123,1233,299,2559,318,609,187
86000US91343,91343,9435,454,203,99,407,131,747,192,978,225,690,196,813,213,757,200,759,215,3736,331,345,112
86000US91344,91344,4712,436,49,41,238,132,246,110,585,255,658,263,295,131,531,262,605,197,1254,239,251,133
86000US91345,91345,1695,247,0,21,102,64,59,45,160,83,159,72,122,74,185,118,218,109,626,182,64,54
86000US91350,91350,2405,451,83,67,97,84,197,116,261,132,190,86,113,87,156,80,194,120,1001,357,113,87
86000US91351,91351,2871,508,22,36,308,218,189,113,303,135,413,232,268,146,102,62,278,124,784,321,204,105
86000US91352,91352,6293,408,139,76,438,133,520,151,549,147,461,146,637,166,678,201,461,117,2063,276,347,119
86000US91354,91354,2532,316,134,130,146,118,227,137,379,146,114,95,226,136,142,97,246,128,763,220,155,129
86000US91355,91355,3873,438,57,43,136,80,420,152,374,155,563,183,314,159,323,176,444,180,1019,285,223,151
86000US91356,91356,5069,471,170,111,266,138,332,138,667,173,551,180,352,137,378,244,517,220,1611,316,225,108
86000US91361,91361,2322,369,143,95,140,101,217,141,238,119,326,164,215,137,279,174,123,87,430,186,211,117
86000US91362,91362,3779,457,42,41,194,121,377,150,478,209,304,145,429,175,166,97,121,72,1283,341,385,217
86000US91364,91364,2962,439,13,20,127,83,241,122,400,164,172,89,219,132,317,132,424,268,899,235,150,87
86000US91367,91367,10661,600,186,98,958,311,1401,473,1078,275,739,207,761,225,735,203,1029,276,3042,527,732,247
86000US91371,91371,0,14,0,14,0,14,0,14,0,14,0,14,0,14,0,14,0,14,0,14,0,14
86000US91381,91381,2625,411,25,30,82,56,329,175,302,167,179,128,417,260,186,178,253,116,651,241,201,149
86000US91384,91384,1133,189,32,33,29,28,58,40,153,83,70,57,42,35,80,73,214,115,424,139,31,27
86000US91387,91387,5031,471,25,29,301,144,466,200,574,216,716,276,292,143,361,155,637,206,1332,292,327,157
86000US91390,91390,858,289,6,10,39,35,113,130,74,59,16,29,29,32,16,18,215,185,284,227,66,42
86000US91401,91401,10088,581,271,126,426,153,661,174,1451,456,1031,238,773,164,595,161,1235,301,3112,334,533,160
86000US91402,91402,13352,633,282,170,679,212,901,176,1263,265,1126,202,1009,233,868,183,1573,288,5301,565,350,117
86000US91403,91403,6694,530,229,144,461,189,737,238,805,193,843,214,621,208,522,184,652,207,1750,361,74,49
86000US91405,91405,13945,757,154,97,629,180,1078,292,1415,270,1104,201,1038,212,1040,361,1912,340,4944,538,631,245
86000US91406,91406,11306,652,225,118,523,169,899,246,1353,291,988,284,997,262,795,200,1208,242,3689,403,629,295
86000US91411,91411,6684,530,62,53,281,111,555,205,556,136,794,211,826,224,329,154,817,259,2221,395,243,109
86000US91423,91423,9884,648,149,104,640,242,1200,346,1195,286,1178,282,839,330,864,309,599,251,2929,460,291,153
86000US91436,91436,1278,345,7,12,163,101,77,64,65,60,39,49,138,187,39,42,149,140,497,193,104,100
86000US91501,91501,4605,468,122,164,67,47,461,150,356,128,516,171,411,212,179,78,460,262,1873,340,160,112
86000US91502,91502,4903,349,93,91,265,158,428,129,439,147,517,172,684,295,167,89,483,154,1665,263,162,101
86000US91504,91504,4767,458,67,95,223,126,486,178,492,175,468,252,428,206,342,144,613,256,1420,362,228,171
86000US91505,91505,7322,592,108,65,564,196,934,322,903,235,881,249,763,299,558,215,508,170,1749,312,354,180
86000US91506,91506,3196,523,59,67,143,102,295,154,343,146,411,168,258,175,65,59,278,162,1144,435,200,162
86000US91601,91601,15920,847,237,128,625,174,1374,301,1870,386,1826,296,1787,471,1117,308,1404,354,5323,521,357,215
86000US91602,91602,6788,587,114,92,414,160,548,150,782,222,648,222,932,210,469,165,745,225,1972,410,164,75
86000US91604,91604,8443,726,350,204,591,178,1077,359,996,321,1052,272,565,189,356,145,1047,432,1988,364,421,170
86000US91605,91605,10045,592,54,46,664,238,629,201,1046,245,1018,239,869,257,773,244,1102,276,3600,475,290,104
86000US91606,91606,10809,529,118,69,631,193,947,194,1282,344,899,193,973,203,606,191,1044,271,3946,387,363,141
86000US91607,91607,9811,586,321,178,795,237,916,284,722,202,1231,373,768,246,767,219,912,226,3099,464,280,172
86000US91608,91608,30,28,0,14,0,14,9,13,0,14,0,14,0,14,0,14,21,32,0,14,0,14
86000US91702,91702,7185,471,166,85,359,166,702,189,906,219,1018,266,835,238,440,151,882,255,1631,298,246,95
86000US91706,91706,7803,455,222,90,477,126,666,202,741,210,982,212,792,258,628,196,772,173,1946,326,577,207
86000US91709,91709,7816,657,197,111,343,208,688,204,852,276,727,240,747,288,572,215,883,296,1964,379,843,343
86000US91711,91711,4491,434,179,98,161,113,481,211,498,156,464,149,318,132,514,276,343,206,1242,327,291,143
86000US91722,91722,2944,370,32,27,195,119,187,94,415,135,633,224,228,112,302,149,264,135,553,188,135,88
86000US91723,91723,3418,356,35,42,293,162,418,232,498,196,383,164,267,139,163,85,419,156,792,257,150,98
86000US91724,91724,3032,491,0,25,42,45,343,203,176,86,566,239,407,241,307,198,357,206,550,184,284,118
86000US91731,91731,5012,380,151,163,161,84,456,155,593,191,605,159,369,139,315,129,571,146,1552,229,239,120
86000US91732,91732,8728,564,209,96,437,144,952,224,1010,185,1013,237,622,203,586,175,989,252,2538,360,372,147
86000US91733,91733,6369,352,79,69,262,105,747,202,694,174,644,194,494,183,547,159,707,185,2017,318,178,109
86000US91740,91740,2936,324,41,49,123,64,296,156,375,150,331,146,381,109,103,64,157,90,1034,222,95,55
86000US91741,91741,2519,313,69,62,157,98,194,74,361,194,403,174,234,110,95,61,230,114,702,184,74,55
86000US91744,91744,5684,368,134,75,488,137,714,212,715,194,496,133,480,156,400,147,663,187,1299,226,295,94
86000US91745,91745,4047,363,116,68,346,133,360,127,570,176,309,154,343,129,268,111,291,114,907,203,537,134
86000US91746,91746,1855,313,27,26,118,66,80,58,229,130,131,84,159,80,156,106,157,88,671,228,127,90
86000US91748,91748,4667,385,144,76,232,105,472,171,517,182,380,196,345,124,284,112,506,211,1440,258,347,129
86000US91750,91750,3734,449,95,93,103,51,480,190,452,201,434,165,346,155,346,189,196,88,872,234,410,160
86000US91754,91754,5435,414,67,50,453,144,505,161,500,178,519,189,479,182,284,107,474,142,1386,299,768,214
86000US91755,91755,4544,402,72,56,377,131,254,101,461,191,234,103,483,192,165,98,542,202,1562,308,394,197
86000US91759,91759,24,27,0,14,0,14,22,27,0,14,0,14,0,14,0,14,0,14,2,3,0,14
86000US91765,91765,3425,374,25,27,168,128,272,100,134,78,409,186,244,129,285,124,268,115,1332,286,288,131
86000US91766,91766,8987,617,123,76,613,204,697,226,1005,328,1012,228,631,163,771,223,961,221,2479,378,695,259
86000US91767,91767,7055,603,171,98,306,129,604,198,1011,349,638,157,527,191,379,154,640,246,2224,336,555,382
86000US91768,91768,3962,421,72,54,151,92,304,123,381,137,384,168,459,165,314,146,292,120,1403,288,202,115
86000US91770,91770,8606,562,251,121,527,165,806,191,865,169,668,167,791,229,608,164,874,171,2383,284,833,333
86000US91773,91773,3327,439,54,55,74,57,229,129,423,164,259,127,298,250,293,172,233,167,1238,307,226,122
86000US91775,91775,3041,401,80,84,132,63,327,117,363,154,387,178,248,116,264,116,227,84,751,225,262,161
86000US91776,91776,6683,417,82,58,405,146,1011,257,782,209,766,190,514,171,324,133,596,167,1715,263,488,168
86000US91780,91780,4363,436,170,155,337,143,380,124,458,146,460,161,293,108,295,146,283,110,1358,251,329,137
86000US91789,91789,2271,313,80,70,96,55,106,55,225,89,283,105,166,113,159,103,214,119,603,167,339,158
86000US91790,91790,5013,484,137,83,303,127,522,209,576,177,594,224,534,200,333,147,549,175,1294,298,171,87
86000US91791,91791,3838,464,76,61,199,122,330,180,201,108,646,279,439,173,167,105,445,227,1139,286,196,90
86000US91792,91792,4268,352,123,87,142,68,354,136,528,184,672,256,347,128,327,132,244,99,1330,246,201,110
86000US91801,91801,12779,564,279,132,1030,229,1286,256,1660,316,1642,275,1497,319,762,198,1134,253,3002,454,487,144
86000US91803,91803,5174,469,82,65,422,185,717,203,515,137,439,151,306,111,282,118,422,127,1540,325,449,142
86000US92397,92397,578,204,0,19,0,19,55,63,25,40,18,30,76,81,58,66,22,34,199,168,125,94
86000US93243,93243,114,83,0,14,12,21,6,9,0,14,1,3,0,14,0,14,0,14,90,79,5,9
86000US93510,93510,253,129,0,19,24,30,0,19,10,15,0,19,0,19,12,21,48,74,11,17,148,107
86000US93532,93532,181,101,0,14,0,14,10,14,0,14,2,3,0,14,35,56,71,67,15,16,48,49
86000US93534,93534,9373,692,196,132,569,263,954,260,884,294,690,228,956,279,562,228,872,293,3232,479,458,230
86000US93535,93535,7649,623,203,96,251,167,994,473,590,233,514,198,577,224,400,177,792,255,2494,455,834,213
86000US93536,93536,6469,598,355,316,327,119,754,255,597,190,489,181,529,215,297,149,633,229,1998,347,490,175
86000US93543,93543,930,292,44,53,9,13,42,50,6,14,42,50,68,107,67,84,196,143,278,206,178,156
86000US93544,93544,87,83,24,40,30,48,0,14,0,14,0,14,0,14,0,14,0,14,0,14,33,54
86000US93550,93550,11115,650,341,163,348,156,936,250,634,178,1231,297,941,284,721,219,901,217,4384,568,678,223
86000US93551,93551,3550,586,156,109,136,84,414,180,481,215,297,161,258,180,127,83,172,109,1168,340,341,201
86000US93552,93552,2507,532,10,12,184,118,100,73,241,122,230,157,119,74,52,42,584,425,747,220,240,163
86000US93553,93553,75,70,0,14,0,14,0,14,0,14,0,14,0,14,0,14,0,14,24,39,51,55
86000US93560,93560,1586,275,0,25,93,72,150,81,161,108,255,132,167,102,50,48,269,176,425,175,16,20
86000US93563,93563,0,14,0,14,0,14,0,14,0,14,0,14,0,14,0,14,0,14,0,14,0,14
86000US93591,93591,454,229,4,8,23,37,0,19,109,133,0,19,48,54,0,19,15,17,213,141,42,46
